moral_id,moral_text,relevant_fable,ranked_ids,reciprocal_rank,r_at_1,r_at_5,r_at_10,ndcg_at_10,rank,latency_s
moral_0200,Disaster awaits the arrogant person who puts on airs: he will fail to get promoted and will lose his former position as well.,fable_0200,fable_0643|fable_0532|fable_0581|fable_0586|fable_0263|fable_0101|fable_0016|fable_0634|fable_0118|fable_0698,0.0,0.0,0.0,0.0,0.0,,0.0
moral_0201,A learned man has always a fund of riches in himself.,fable_0201,fable_0356|fable_0568|fable_0150|fable_0148|fable_0002|fable_0015|fable_0656|fable_0149|fable_0569|fable_0557,0.0,0.0,0.0,0.0,0.0,,0.0
moral_0202,It is easy to attack those who have fallen from their position of power and glory.,fable_0202,fable_0383|fable_0386|fable_0213|fable_0611|fable_0416|fable_0532|fable_0708|fable_0586|fable_0554|fable_0643,0.0,0.0,0.0,0.0,0.0,,0.0
moral_0203,Self-preservation can sometimes take precedence over kinship.,fable_0203,fable_0532|fable_0383|fable_0455|fable_0668|fable_0281|fable_0594|fable_0459|fable_0397|fable_0312|fable_0619,0.0,0.0,0.0,0.0,0.0,,0.0
moral_0204,Someone who lays a trap for others will fall victim to it himself.,fable_0204,fable_0532|fable_0164|fable_0597|fable_0315|fable_0040|fable_0420|fable_0140|fable_0484|fable_0064|fable_0384,0.0,0.0,0.0,0.0,0.0,,0.0
moral_0205,People who lay traps for others should be careful not to fall into a trap themselves.,fable_0205,fable_0383|fable_0532|fable_0315|fable_0594|fable_0047|fable_0538|fable_0648|fable_0404|fable_0424|fable_0422,0.0,0.0,0.0,0.0,0.0,,0.0
moral_0206,Men feel worst when they contribute to their own undoing.,fable_0206,fable_0383|fable_0532|fable_0400|fable_0418|fable_0410|fable_0506|fable_0000|fable_0416|fable_0287|fable_0589,0.0,0.0,0.0,0.0,0.0,,0.0
moral_0207,There is no glory in tricking those easy to trick.,fable_0207,fable_0383|fable_0532|fable_0315|fable_0043|fable_0044|fable_0597|fable_0263|fable_0255|fable_0164|fable_0440,0.0,0.0,0.0,0.0,0.0,,0.0
moral_0208,Rushing into pleasant invitations can lead to dire consequences.,fable_0208,fable_0532|fable_0383|fable_0251|fable_0424|fable_0170|fable_0320|fable_0669|fable_0100|fable_0308|fable_0204,0.0,0.0,0.0,0.0,0.0,,0.0
moral_0209,"Inattentive people quickly notice anything that they think will benefit them, while they are completely unaware of things which are not their immediate concern.",fable_0209,fable_0383|fable_0108|fable_0331|fable_0554|fable_0280|fable_0422|fable_0284|fable_0648|fable_0526|fable_0495,0.0,0.0,0.0,0.0,0.0,,0.0
moral_0210,Do not laugh at the calamity that befalls your neighbour.,fable_0210,fable_0022|fable_0532|fable_0379|fable_0331|fable_0413|fable_0101|fable_0484|fable_0646|fable_0350|fable_0491,0.0,0.0,0.0,0.0,0.0,,0.0
moral_0211,Evil tendencies are shown in early life.,fable_0211,fable_0359|fable_0193|fable_0135|fable_0119|fable_0152|fable_0380|fable_0472|fable_0059|fable_0641|fable_0194,0.0,0.0,0.0,0.0,0.0,,0.0
moral_0212,Rewards do not always accompany a lifetime of good work.,fable_0212,fable_0383|fable_0306|fable_0053|fable_0579|fable_0701|fable_0103|fable_0662|fable_0051|fable_0667|fable_0419,0.0,0.0,0.0,0.0,0.0,,0.0
moral_0213,Only cowards insult dying majesty.,fable_0213,fable_0378|fable_0496|fable_0258|fable_0469|fable_0658|fable_0447|fable_0382|fable_0403|fable_0696|fable_0498,0.0,0.0,0.0,0.0,0.0,,0.0
moral_0214,Preparedness for war is the best guarantee of peace.,fable_0214,fable_0672|fable_0549|fable_0059|fable_0106|fable_0940|fable_0647|fable_0637|fable_0654|fable_0648|fable_0129,0.0,0.0,0.0,0.0,0.0,,0.0
moral_0215,"It is good to set aside our deadly disputes and conflicts, since they put everyone's lives in jeopardy.",fable_0215,fable_0420|fable_0209|fable_0306|fable_0386|fable_0599|fable_0312|fable_0130|fable_0201|fable_0106|fable_0013,0.0,0.0,0.0,0.0,0.0,,0.0
moral_0216,"What you have done to others will likewise be done to you, according to the same measure.",fable_0216,fable_0383|fable_0532|fable_0402|fable_0628|fable_0308|fable_0454|fable_0353|fable_0021|fable_0264|fable_0053,0.0,0.0,0.0,0.0,0.0,,0.0
moral_0217,Counsel without help is useless.,fable_0217,fable_0611|fable_0064|fable_0015|fable_0559|fable_0287|fable_0586|fable_0698|fable_0650|fable_0094|fable_0690,0.0,0.0,0.0,0.0,0.0,,0.0
moral_0218,Anything which is done at the wrong time is liable to be ridiculed.,fable_0218,fable_0594|fable_0157|fable_0487|fable_0283|fable_0575|fable_0436|fable_0443|fable_0077|fable_0664|fable_0286,0.0,0.0,0.0,0.0,0.0,,0.0
moral_0219,An honest man's word is as good as his oath.,fable_0219,fable_0414|fable_0237|fable_0496|fable_0424|fable_0302|fable_0005|fable_0303|fable_0601|fable_0456|fable_0360,0.0,0.0,0.0,0.0,0.0,,0.0
moral_0220,"Better poverty without care, than riches with.",fable_0220,fable_0400|fable_0650|fable_0531|fable_0341|fable_0287|fable_0281|fable_0658|fable_0285|fable_0251|fable_0101,0.0,0.0,0.0,0.0,0.0,,0.0
moral_0221,Inner beauty is better than outer beauty.,fable_0221,fable_0563|fable_0495|fable_0568|fable_0221|fable_0489|fable_0546|fable_0147|fable_0094|fable_0224|fable_0220,0.25,0.0,1.0,1.0,0.43067655807339306,4,0.0
moral_0222,Some men are of more consequence in their own eyes than in the eyes of their neighbors.,fable_0222,fable_0114|fable_0388|fable_0658|fable_0031|fable_0547|fable_0426|fable_0568|fable_0170|fable_0535|fable_0680,0.0,0.0,0.0,0.0,0.0,,0.0
moral_0223,Do not mock the gods.,fable_0223,fable_0644|fable_0155|fable_0584|fable_0411|fable_0582|fable_0661|fable_0156|fable_0465|fable_0589|fable_0460,0.0,0.0,0.0,0.0,0.0,,0.0
moral_0224,Some people just won't change.,fable_0224,fable_0383|fable_0355|fable_0327|fable_0657|fable_0141|fable_0365|fable_0335|fable_0256|fable_0369|fable_0330,0.0,0.0,0.0,0.0,0.0,,0.0
moral_0225,People who enter into contests with unworthy opponents lower their own reputation.,fable_0225,fable_0532|fable_0532|fable_0402|fable_0312|fable_0593|fable_0466|fable_0459|fable_0454|fable_0204|fable_0624,0.0,0.0,0.0,0.0,0.0,,0.0
moral_0226,"When you are besieged by powerful people, you are subject to vicious attacks by anyone and everyone.",fable_0226,fable_0100|fable_0383|fable_0013|fable_0184|fable_0595|fable_0312|fable_0406|fable_0115|fable_0454|fable_0148,0.0,0.0,0.0,0.0,0.0,,0.0
moral_0227,"When we form friendships with one another, we must choose allies who can come to our aid in moments of peril.",fable_0227,fable_0014|fable_0459|fable_0131|fable_0386|fable_0312|fable_0705|fable_0065|fable_0383|fable_0408|fable_0179,0.0,0.0,0.0,0.0,0.0,,0.0
moral_0228,"Unity is strength, while division invites defeat.",fable_0228,fable_0593|fable_0016|fable_0013|fable_0312|fable_0487|fable_0552|fable_0511|fable_0599|fable_0641|fable_0705,0.0,0.0,0.0,0.0,0.0,,0.0
moral_0229,Believing your enemies makes you fall victim to their tricks and gets you into trouble.,fable_0229,fable_0383|fable_0420|fable_0539|fable_0298|fable_0422|fable_0312|fable_0100|fable_0418|fable_0350|fable_0311,0.0,0.0,0.0,0.0,0.0,,0.0
moral_0230,"Those who take by force are met with resistance, while those who approach with humility may find unexpected generosity.",fable_0230,fable_0484|fable_0383|fable_0229|fable_0100|fable_0450|fable_0705|fable_0627|fable_0146|fable_0302|fable_0659,0.0,0.0,0.0,0.0,0.0,,0.0
moral_0231,It is best to keep negative influences away.,fable_0231,fable_0383|fable_0459|fable_0532|fable_0312|fable_0321|fable_0455|fable_0315|fable_0605|fable_0601|fable_0562,0.0,0.0,0.0,0.0,0.0,,0.0
moral_0232,Experience teaches valuable lessons and encourages caution.,fable_0232,fable_0553|fable_0461|fable_0611|fable_0304|fable_0036|fable_0357|fable_0188|fable_0658|fable_0140|fable_0594,0.0,0.0,0.0,0.0,0.0,,0.0
moral_0233,Jealousy can lead people to foolishly imitate their betters.,fable_0233,fable_0532|fable_0105|fable_0200|fable_0486|fable_0254|fable_0084|fable_0347|fable_0053|fable_0359|fable_0508,0.0,0.0,0.0,0.0,0.0,,0.0
moral_0234,Familiarity mollifies even the most terrifying things.,fable_0234,fable_0385|fable_0254|fable_0469|fable_0542|fable_0641|fable_0532|fable_0286|fable_0190|fable_0693|fable_0560,0.0,0.0,0.0,0.0,0.0,,0.0
moral_0235,People who grasp for more than they need are deprived of what they have.,fable_0235,fable_0383|fable_0550|fable_0181|fable_0019|fable_0256|fable_0152|fable_0356|fable_0088|fable_0501|fable_0027,0.0,0.0,0.0,0.0,0.0,,0.0
moral_0236,Beware of when the powerful and the deceitful collaborate.,fable_0236,fable_0383|fable_0315|fable_0538|fable_0504|fable_0146|fable_0302|fable_0320|fable_0390|fable_0394|fable_0221,0.0,0.0,0.0,0.0,0.0,,0.0
moral_0237,Be cautious with promises made under duress.,fable_0237,fable_0302|fable_0320|fable_0146|fable_0188|fable_0237|fable_0306|fable_0077|fable_0064|fable_0235|fable_0658,0.2,0.0,1.0,1.0,0.38685280723454163,5,0.0
moral_0238,Tyrants need no excuse.,fable_0238,fable_0383|fable_0546|fable_0496|fable_0420|fable_0658|fable_0704|fable_0504|fable_0552|fable_0592|fable_0424,0.0,0.0,0.0,0.0,0.0,,0.0
moral_0239,Stay focused on your goals.,fable_0239,fable_0158|fable_0002|fable_0656|fable_0280|fable_0149|fable_0066|fable_0669|fable_0551|fable_0103|fable_0568,0.0,0.0,0.0,0.0,0.0,,0.0
moral_0240,Gossips are to be seen and not heard.,fable_0240,fable_0686|fable_0384|fable_0540|fable_0405|fable_0413|fable_0654|fable_0068|fable_0106|fable_0151|fable_0142,0.0,0.0,0.0,0.0,0.0,,0.0
moral_0241,Relying too much on subordinates can lead to unintended consequences.,fable_0241,fable_0532|fable_0307|fable_0604|fable_0280|fable_0312|fable_0100|fable_0539|fable_0662|fable_0101|fable_0351,0.0,0.0,0.0,0.0,0.0,,0.0
moral_0242,Look before you leap.,fable_0242,fable_0357|fable_0101|fable_0359|fable_0181|fable_0191|fable_0014|fable_0255|fable_0573|fable_0482|fable_0188,0.0,0.0,0.0,0.0,0.0,,0.0
moral_0243,One bad turn deserves another.,fable_0243,fable_0383|fable_0303|fable_0457|fable_0653|fable_0642|fable_0208|fable_0488|fable_0348|fable_0404|fable_0607,0.0,0.0,0.0,0.0,0.0,,0.0
moral_0244,"When the evidence is fairly weighed, a colourfully painted lie is quickly refuted by the facts.",fable_0244,fable_0380|fable_0137|fable_0301|fable_0539|fable_0255|fable_0303|fable_0208|fable_0705|fable_0550|fable_0244,0.1,0.0,0.0,1.0,0.2890648263178879,10,0.0
moral_0245,It is useless attacking the insensible.,fable_0245,fable_0103|fable_0353|fable_0648|fable_0188|fable_0110|fable_0045|fable_0182|fable_0059|fable_0399|fable_0595,0.0,0.0,0.0,0.0,0.0,,0.0
moral_0246,Opposites are utterly incompatible.,fable_0246,fable_0074|fable_0188|fable_0450|fable_0306|fable_0681|fable_0627|fable_0190|fable_0402|fable_0147|fable_0354,0.0,0.0,0.0,0.0,0.0,,0.0
moral_0247,Favor those who do you kindness.,fable_0247,fable_0656|fable_0285|fable_0430|fable_0146|fable_0047|fable_0000|fable_0507|fable_0109|fable_0694|fable_0174,0.0,0.0,0.0,0.0,0.0,,0.0
moral_0248,A discerning person is made wise by the misfortunes of his neighbours.,fable_0248,fable_0383|fable_0340|fable_0648|fable_0045|fable_0280|fable_0153|fable_0532|fable_0355|fable_0306|fable_0611,0.0,0.0,0.0,0.0,0.0,,0.0
moral_0249,Do not go chasing after things that are useless and unprofitable.,fable_0249,fable_0483|fable_0272|fable_0340|fable_0286|fable_0251|fable_0284|fable_0105|fable_0571|fable_0427|fable_0660,0.0,0.0,0.0,0.0,0.0,,0.0
moral_0250,Those who do you a favour you must repay kind.,fable_0250,fable_0656|fable_0320|fable_0285|fable_0146|fable_0430|fable_0043|fable_0250|fable_0687|fable_0507|fable_0025,0.14285714285714285,0.0,0.0,1.0,0.3333333333333333,7,0.0
moral_0251,The penalty for speaking and for keeping silent is one and the same.,fable_0251,fable_0480|fable_0310|fable_0101|fable_0158|fable_0191|fable_0106|fable_0015|fable_0462|fable_0295|fable_0612,0.0,0.0,0.0,0.0,0.0,,0.0
moral_0252,It is better to live in self-sufficient poverty than to be tormented by the worries of wealth.,fable_0252,fable_0557|fable_0150|fable_0660|fable_0285|fable_0548|fable_0059|fable_0259|fable_0656|fable_0411|fable_0707,0.0,0.0,0.0,0.0,0.0,,0.0
moral_0253,Men will stand behind a judgment made in error until the actual fact of the matter later compels them to regret their choice.,fable_0253,fable_0354|fable_0255|fable_0288|fable_0539|fable_0308|fable_0145|fable_0583|fable_0013|fable_0320|fable_0648,0.0,0.0,0.0,0.0,0.0,,0.0
moral_0254,It is natural to be a knave; men must rise above.,fable_0254,fable_0644|fable_0535|fable_0251|fable_0005|fable_0383|fable_0484|fable_0152|fable_0657|fable_0530|fable_0625,0.0,0.0,0.0,0.0,0.0,,0.0
moral_0255,"Beware of swindlers, as they often exploit the gullibility of others.",fable_0255,fable_0255|fable_0609|fable_0402|fable_0538|fable_0315|fable_0424|fable_0383|fable_0648|fable_0339|fable_0444,1.0,1.0,1.0,1.0,1.0,1,0.0
moral_0256,Only fools indulge into michief and excessive risks.,fable_0256,fable_0532|fable_0256|fable_0381|fable_0656|fable_0008|fable_0714|fable_0284|fable_0258|fable_0667|fable_0244,0.5,0.0,1.0,1.0,0.6309297535714575,2,0.0
moral_0257,An alliance made with the high and mighty can never be trusted.,fable_0257,fable_0009|fable_0066|fable_0532|fable_0383|fable_0098|fable_0311|fable_0599|fable_0670|fable_0398|fable_0455,0.0,0.0,0.0,0.0,0.0,,0.0
moral_0258,Wealth is of little value if one is too afraid to use or enjoy it.,fable_0258,fable_0383|fable_0411|fable_0258|fable_0369|fable_0256|fable_0565|fable_0356|fable_0707|fable_0498|fable_0569,0.3333333333333333,0.0,1.0,1.0,0.5,3,0.0
moral_0259,"True courage involves overcoming fears, even when faced with intimidation.",fable_0259,fable_0647|fable_0664|fable_0106|fable_0499|fable_0051|fable_0101|fable_0284|fable_0094|fable_0583|fable_0509,0.0,0.0,0.0,0.0,0.0,,0.0
moral_0260,Contentment with our lot is an element of happiness.,fable_0260,fable_0105|fable_0555|fable_0397|fable_0251|fable_0656|fable_0568|fable_0624|fable_0271|fable_0591|fable_0533,0.0,0.0,0.0,0.0,0.0,,0.0
moral_0261,"Don't be seduced by deceptive words, they will cause nothing but trouble.",fable_0261,fable_0383|fable_0538|fable_0404|fable_0255|fable_0190|fable_0251|fable_0301|fable_0312|fable_0628|fable_0188,0.0,0.0,0.0,0.0,0.0,,0.0
moral_0262,"The useful is of much more importance and value, than the ornamental.",fable_0262,fable_0150|fable_0055|fable_0140|fable_0568|fable_0002|fable_0650|fable_0286|fable_0180|fable_0559|fable_0364,0.0,0.0,0.0,0.0,0.0,,0.0
moral_0263,You should not treat bad people the same way that you treat good people.,fable_0263,fable_0626|fable_0459|fable_0532|fable_0383|fable_0625|fable_0454|fable_0703|fable_0312|fable_0286|fable_0458,0.0,0.0,0.0,0.0,0.0,,0.0
moral_0264,"You must not act unnaturally, trying to achieve some impossible thing.",fable_0264,fable_0341|fable_0555|fable_0341|fable_0102|fable_0672|fable_0596|fable_0334|fable_0296|fable_0366|fable_0696,0.0,0.0,0.0,0.0,0.0,,0.0
moral_0265,"If you try to deceive someone who has his wits about him, you will waste your time and be made fun of as well.",fable_0265,fable_0383|fable_0302|fable_0043|fable_0301|fable_0137|fable_0538|fable_0315|fable_0656|fable_0577|fable_0101,0.0,0.0,0.0,0.0,0.0,,0.0
moral_0266,Those who commit grave wrongs cannot escape justice.,fable_0266,fable_0383|fable_0402|fable_0530|fable_0302|fable_0406|fable_0554|fable_0587|fable_0640|fable_0690|fable_0444,0.0,0.0,0.0,0.0,0.0,,0.0
moral_0267,Vanity can lead to self-destruction.,fable_0267,fable_0581|fable_0050|fable_0381|fable_0532|fable_0183|fable_0319|fable_0680|fable_0177|fable_0018|fable_0384,0.0,0.0,0.0,0.0,0.0,,0.0
moral_0268,Live your lives in the clothes that suit you.,fable_0268,fable_0201|fable_0450|fable_0576|fable_0253|fable_0660|fable_0179|fable_0491|fable_0509|fable_0548|fable_0342,0.0,0.0,0.0,0.0,0.0,,0.0
moral_0269,Vanity betrays every fraud.,fable_0269,fable_0444|fable_0251|fable_0498|fable_0348|fable_0064|fable_0384|fable_0101|fable_0255|fable_0403|fable_0563,0.0,0.0,0.0,0.0,0.0,,0.0
moral_0270,Be content with your lot; one cannot be first in everything.,fable_0270,fable_0105|fable_0270|fable_0055|fable_0667|fable_0694|fable_0017|fable_0527|fable_0199|fable_0649|fable_0101,0.5,0.0,1.0,1.0,0.6309297535714575,2,0.0
moral_0271,Do not boast to have something you do not.,fable_0271,fable_0057|fable_0150|fable_0384|fable_0658|fable_0581|fable_0105|fable_0274|fable_0110|fable_0615|fable_0171,0.0,0.0,0.0,0.0,0.0,,0.0
moral_0272,Many children are a great blessing; but a few good ones are a greater.,fable_0272,fable_0272|fable_0650|fable_0321|fable_0286|fable_0107|fable_0664|fable_0304|fable_0143|fable_0656|fable_0567,1.0,1.0,1.0,1.0,1.0,1,0.0
moral_0273,"Those who assume a character which does not belong to them, only make themselves ridiculous.",fable_0273,fable_0116|fable_0063|fable_0100|fable_0137|fable_0596|fable_0270|fable_0160|fable_0530|fable_0312|fable_0659,0.0,0.0,0.0,0.0,0.0,,0.0
moral_0274,Beware of when the powerful and the deceitful collaborate.,fable_0274,fable_0532|fable_0383|fable_0400|fable_0302|fable_0422|fable_0315|fable_0420|fable_0504|fable_0593|fable_0310,0.0,0.0,0.0,0.0,0.0,,0.0
moral_0275,Tricksters can outsmart the strong.,fable_0275,fable_0383|fable_0315|fable_0043|fable_0101|fable_0255|fable_0484|fable_0251|fable_0254|fable_0557|fable_0496,0.0,0.0,0.0,0.0,0.0,,0.0
moral_0276,"Bad things naturally happen to bad people, while good things lie in wait for people who are honest and reasonable.",fable_0276,fable_0383|fable_0404|fable_0254|fable_0303|fable_0101|fable_0028|fable_0105|fable_0015|fable_0648|fable_0282,0.0,0.0,0.0,0.0,0.0,,0.0
moral_0277,You can't please everybody.,fable_0277,fable_0078|fable_0383|fable_0304|fable_0454|fable_0543|fable_0554|fable_0538|fable_0327|fable_0261|fable_0026,0.0,0.0,0.0,0.0,0.0,,0.0
moral_0278,Be careful what you wish for.,fable_0278,fable_0383|fable_0667|fable_0105|fable_0600|fable_0500|fable_0287|fable_0118|fable_0560|fable_0181|fable_0706,0.0,0.0,0.0,0.0,0.0,,0.0
moral_0279,Those who are not content with what they have may end up losing it while pursuing greater desires.,fable_0279,fable_0383|fable_0532|fable_0050|fable_0181|fable_0005|fable_0333|fable_0020|fable_0363|fable_0281|fable_0499,0.0,0.0,0.0,0.0,0.0,,0.0
moral_0280,Good will is worth nothing unless it is accompanied by good acts.,fable_0280,fable_0383|fable_0355|fable_0624|fable_0280|fable_0351|fable_0570|fable_0102|fable_0668|fable_0430|fable_0285,0.25,0.0,1.0,1.0,0.43067655807339306,4,0.0
moral_0281,"In avoiding a lesser danger, one may inadvertently fall into a greater peril.",fable_0281,fable_0383|fable_0297|fable_0110|fable_0286|fable_0656|fable_0544|fable_0662|fable_0287|fable_0705|fable_0375,0.0,0.0,0.0,0.0,0.0,,0.0
moral_0282,Do not harm your benefactors.,fable_0282,fable_0383|fable_0539|fable_0454|fable_0306|fable_0353|fable_0339|fable_0302|fable_0538|fable_0457|fable_0288,0.0,0.0,0.0,0.0,0.0,,0.0
moral_0283,Watch on all sides.,fable_0283,fable_0383|fable_0288|fable_0302|fable_0459|fable_0348|fable_0189|fable_0470|fable_0105|fable_0188|fable_0538,0.0,0.0,0.0,0.0,0.0,,0.0
moral_0284,"When it serves their purposes, people commonly do not hesitate to swear to the most incredible fabrications.",fable_0284,fable_0498|fable_0302|fable_0612|fable_0557|fable_0219|fable_0414|fable_0177|fable_0374|fable_0308|fable_0251,0.0,0.0,0.0,0.0,0.0,,0.0
moral_0285,"Someone who assists both the truly good and those who are undeserving is not seen as a philanthropist, but is instead regarded as a madman.",fable_0285,fable_0355|fable_0383|fable_0599|fable_0705|fable_0280|fable_0592|fable_0312|fable_0636|fable_0670|fable_0707,0.0,0.0,0.0,0.0,0.0,,0.0
moral_0286,A death-bed flattery is the worst of treacheries.,fable_0286,fable_0383|fable_0251|fable_0386|fable_0204|fable_0315|fable_0418|fable_0420|fable_0559|fable_0504|fable_0694,0.0,0.0,0.0,0.0,0.0,,0.0
moral_0287,Few things are done except for profit.,fable_0287,fable_0368|fable_0666|fable_0406|fable_0411|fable_0664|fable_0577|fable_0251|fable_0707|fable_0333|fable_0569,0.0,0.0,0.0,0.0,0.0,,0.0
moral_0288,Do not play the wise man after the fact.,fable_0288,fable_0288|fable_0654|fable_0557|fable_0286|fable_0565|fable_0706|fable_0664|fable_0617|fable_0280|fable_0285,1.0,1.0,1.0,1.0,1.0,1,0.0
moral_0289,Different people are interested in different things.,fable_0289,fable_0224|fable_0150|fable_0650|fable_0172|fable_0287|fable_0316|fable_0106|fable_0270|fable_0611|fable_0412,0.0,0.0,0.0,0.0,0.0,,0.0
moral_0290,It is a foolish man who wants to rival his superiors.,fable_0290,fable_0532|fable_0388|fable_0654|fable_0348|fable_0607|fable_0492|fable_0060|fable_0113|fable_0596|fable_0214,0.0,0.0,0.0,0.0,0.0,,0.0
moral_0291,Do not believe those who have ill intentions.,fable_0291,fable_0383|fable_0422|fable_0517|fable_0424|fable_0072|fable_0315|fable_0647|fable_0450|fable_0380|fable_0312,0.0,0.0,0.0,0.0,0.0,,0.0
moral_0292,Do not try to do impossible things.,fable_0292,fable_0555|fable_0340|fable_0141|fable_0557|fable_0140|fable_0660|fable_0329|fable_0286|fable_0650|fable_0708,0.0,0.0,0.0,0.0,0.0,,0.0
moral_0293,False sympathy often masks selfish intentions.,fable_0293,fable_0383|fable_0539|fable_0293|fable_0004|fable_0643|fable_0420|fable_0287|fable_0355|fable_0454|fable_0648,0.3333333333333333,0.0,1.0,1.0,0.5,3,0.0
moral_0294,Do not try to gain favor by acting in a way that is contrary to your own nature and character.,fable_0294,fable_0383|fable_0251|fable_0594|fable_0547|fable_0532|fable_0539|fable_0554|fable_0321|fable_0484|fable_0386,0.0,0.0,0.0,0.0,0.0,,0.0
moral_0295,You should especially avoid someone who does not even spare his own people.,fable_0295,fable_0383|fable_0532|fable_0459|fable_0128|fable_0687|fable_0305|fable_0454|fable_0485|fable_0312|fable_0245,0.0,0.0,0.0,0.0,0.0,,0.0
moral_0296,Trust is not to be given lightly.,fable_0296,fable_0455|fable_0687|fable_0310|fable_0398|fable_0459|fable_0422|fable_0517|fable_0306|fable_0050|fable_0033,0.0,0.0,0.0,0.0,0.0,,0.0
moral_0297,There is danger lurking in the words of a wicked person.,fable_0297,fable_0261|fable_0422|fable_0315|fable_0538|fable_0001|fable_0383|fable_0240|fable_0327|fable_0143|fable_0302,0.0,0.0,0.0,0.0,0.0,,0.0
moral_0298,Do not grasp at more than you need.,fable_0298,fable_0019|fable_0656|fable_0280|fable_0383|fable_0050|fable_0191|fable_0013|fable_0532|fable_0327|fable_0575,0.0,0.0,0.0,0.0,0.0,,0.0
moral_0299,Those who try to deceive may expect to be paid in their own coin.,fable_0299,fable_0383|fable_0484|fable_0402|fable_0558|fable_0315|fable_0251|fable_0301|fable_0137|fable_0424|fable_0538,0.0,0.0,0.0,0.0,0.0,,0.0
moral_0300,"Men are averse to fixed rules, but are won by kind services.",fable_0300,fable_0656|fable_0570|fable_0547|fable_0606|fable_0285|fable_0250|fable_0484|fable_0602|fable_0146|fable_0141,0.0,0.0,0.0,0.0,0.0,,0.0
moral_0301,Wicked liars generally get their just consequences.,fable_0301,fable_0383|fable_0301|fable_0559|fable_0261|fable_0402|fable_0339|fable_0538|fable_0148|fable_0646|fable_0645,0.5,0.0,1.0,1.0,0.6309297535714575,2,0.0
moral_0302,Often justice is the captive of criminal deceit.,fable_0302,fable_0013|fable_0383|fable_0251|fable_0406|fable_0283|fable_0302|fable_0301|fable_0101|fable_0145|fable_0538,0.16666666666666666,0.0,0.0,1.0,0.3562071871080222,6,0.0
moral_0303,"They who act without sufficient thought, will often fall into unsuspected danger.",fable_0303,fable_0375|fable_0044|fable_0100|fable_0285|fable_0666|fable_0611|fable_0134|fable_0104|fable_0308|fable_0047,0.0,0.0,0.0,0.0,0.0,,0.0
moral_0304,Enterprise is not to be judged in terms of its speed but its outcome.,fable_0304,fable_0667|fable_0355|fable_0569|fable_0554|fable_0568|fable_0368|fable_0077|fable_0555|fable_0505|fable_0286,0.0,0.0,0.0,0.0,0.0,,0.0
moral_0305,A life of greed and hoarding wealth leads to misery.,fable_0305,fable_0550|fable_0383|fable_0108|fable_0569|fable_0181|fable_0256|fable_0655|fable_0707|fable_0498|fable_0149,0.0,0.0,0.0,0.0,0.0,,0.0
moral_0306,Take what you can get when you can get it.,fable_0306,fable_0383|fable_0101|fable_0532|fable_0350|fable_0660|fable_0303|fable_0108|fable_0150|fable_0320|fable_0571,0.0,0.0,0.0,0.0,0.0,,0.0
moral_0307,Do not take pride in the good qualities that actually belong to someone else.,fable_0307,fable_0532|fable_0630|fable_0383|fable_0615|fable_0560|fable_0341|fable_0596|fable_0634|fable_0276|fable_0465,0.0,0.0,0.0,0.0,0.0,,0.0
moral_0308,Benefits are refused by those who don't understand them.,fable_0308,fable_0532|fable_0656|fable_0568|fable_0321|fable_0418|fable_0101|fable_0586|fable_0036|fable_0588|fable_0485,0.0,0.0,0.0,0.0,0.0,,0.0
moral_0309,No one can be a friend if you know not whether to trust or distrust him.,fable_0309,fable_0074|fable_0359|fable_0308|fable_0532|fable_0539|fable_0068|fable_0422|fable_0455|fable_0146|fable_0495,0.0,0.0,0.0,0.0,0.0,,0.0
moral_0310,People who offer to give someone many gifts are no doubt trying to deceive.,fable_0310,fable_0383|fable_0320|fable_0306|fable_0424|fable_0422|fable_0030|fable_0321|fable_0420|fable_0045|fable_0577,0.0,0.0,0.0,0.0,0.0,,0.0
moral_0311,Do not blame others for the circumstances of their upbringing.,fable_0311,fable_0411|fable_0648|fable_0539|fable_0103|fable_0587|fable_0568|fable_0455|fable_0013|fable_0302|fable_0579,0.0,0.0,0.0,0.0,0.0,,0.0
moral_0312,Do not give up friends for foes.,fable_0312,fable_0014|fable_0532|fable_0459|fable_0312|fable_0386|fable_0053|fable_0705|fable_0137|fable_0707|fable_0626,0.25,0.0,1.0,1.0,0.43067655807339306,4,0.0
moral_0313,"There is satisfaction, however wretched, in taking one's enemy along if one has to die.",fable_0313,fable_0420|fable_0343|fable_0031|fable_0054|fable_0611|fable_0532|fable_0105|fable_0698|fable_0193|fable_0597,0.0,0.0,0.0,0.0,0.0,,0.0
moral_0314,Some can do wrong more easily than others can see it.,fable_0314,fable_0383|fable_0539|fable_0302|fable_0355|fable_0308|fable_0553|fable_0115|fable_0451|fable_0586|fable_0384,0.0,0.0,0.0,0.0,0.0,,0.0
moral_0315,Traitors may expect treachery.,fable_0315,fable_0315|fable_0383|fable_0190|fable_0454|fable_0390|fable_0579|fable_0539|fable_0420|fable_0540|fable_0687,1.0,1.0,1.0,1.0,1.0,1,0.0
moral_0316,"Clothes may disguise a fool, but his words will give him away.",fable_0316,fable_0310|fable_0011|fable_0254|fable_0040|fable_0118|fable_0164|fable_0115|fable_0649|fable_0256|fable_0388,0.0,0.0,0.0,0.0,0.0,,0.0
moral_0317,People who lay traps for others bring about their own destruction.,fable_0317,fable_0383|fable_0532|fable_0207|fable_0091|fable_0538|fable_0315|fable_0426|fable_0042|fable_0108|fable_0542,0.0,0.0,0.0,0.0,0.0,,0.0
moral_0318,Be content with your lot.,fable_0318,fable_0105|fable_0559|fable_0369|fable_0286|fable_0568|fable_0276|fable_0251|fable_0384|fable_0656|fable_0646,0.0,0.0,0.0,0.0,0.0,,0.0
moral_0319,"Be cautious of pride, as nobody knows what the future may bring.",fable_0319,fable_0150|fable_0381|fable_0581|fable_0564|fable_0661|fable_0276|fable_0557|fable_0365|fable_0102|fable_0656,0.0,0.0,0.0,0.0,0.0,,0.0
moral_0320,People are quick to promise but reluctant to give.,fable_0320,fable_0064|fable_0030|fable_0320|fable_0069|fable_0015|fable_0400|fable_0170|fable_0306|fable_0048|fable_0103,0.3333333333333333,0.0,1.0,1.0,0.5,3,0.0
moral_0321,The loud-mouthed boaster does not impress nor frighten those who know him.,fable_0321,fable_0532|fable_0190|fable_0461|fable_0040|fable_0100|fable_0646|fable_0614|fable_0176|fable_0065|fable_0656,0.0,0.0,0.0,0.0,0.0,,0.0
moral_0322,Talent is wasted when it's in the hands of the unappreciative.,fable_0322,fable_0532|fable_0656|fable_0383|fable_0302|fable_0529|fable_0602|fable_0459|fable_0687|fable_0020|fable_0694,0.0,0.0,0.0,0.0,0.0,,0.0
moral_0323,"Instead of looking at how things start, we should look instead at how they turn out in the end.",fable_0323,fable_0383|fable_0667|fable_0653|fable_0708|fable_0690|fable_0307|fable_0286|fable_0404|fable_0052|fable_0662,0.0,0.0,0.0,0.0,0.0,,0.0
moral_0324,People often appreciate what they had only after experiencing something worse.,fable_0324,fable_0383|fable_0532|fable_0588|fable_0280|fable_0402|fable_0459|fable_0480|fable_0568|fable_0557|fable_0650,0.0,0.0,0.0,0.0,0.0,,0.0
moral_0325,The insubordinate are free from both obligation and protection.,fable_0325,fable_0383|fable_0532|fable_0321|fable_0313|fable_0068|fable_0459|fable_0308|fable_0608|fable_0645|fable_0470,0.0,0.0,0.0,0.0,0.0,,0.0
moral_0326,"In a change of government, the poor change nothing beyond the name of their master.",fable_0326,fable_0386|fable_0656|fable_0326|fable_0599|fable_0137|fable_0450|fable_0591|fable_0455|fable_0203|fable_0546,0.3333333333333333,0.0,1.0,1.0,0.5,3,0.0
moral_0327,A man is known by the company he keeps.,fable_0327,fable_0532|fable_0459|fable_0312|fable_0383|fable_0128|fable_0164|fable_0687|fable_0293|fable_0533|fable_0694,0.0,0.0,0.0,0.0,0.0,,0.0
moral_0328,Easy life and seeming good fortune of others conceal a threat to their welfare.,fable_0328,fable_0383|fable_0532|fable_0053|fable_0570|fable_0459|fable_0507|fable_0287|fable_0656|fable_0568|fable_0662,0.0,0.0,0.0,0.0,0.0,,0.0
moral_0329,One cannot circumvent his destiny.,fable_0329,fable_0706|fable_0368|fable_0650|fable_0612|fable_0579|fable_0581|fable_0102|fable_0386|fable_0365|fable_0491,0.0,0.0,0.0,0.0,0.0,,0.0
moral_0330,False confidence often leads into danger.,fable_0330,fable_0581|fable_0340|fable_0044|fable_0254|fable_0374|fable_0571|fable_0348|fable_0129|fable_0251|fable_0060,0.0,0.0,0.0,0.0,0.0,,0.0
moral_0331,You can't always stop a fool.,fable_0331,fable_0383|fable_0532|fable_0402|fable_0312|fable_0100|fable_0690|fable_0594|fable_0320|fable_0053|fable_0058,0.0,0.0,0.0,0.0,0.0,,0.0
moral_0332,Greed for more can lead to losing what you already have.,fable_0332,fable_0383|fable_0256|fable_0181|fable_0050|fable_0557|fable_0707|fable_0010|fable_0568|fable_0151|fable_0554,0.0,0.0,0.0,0.0,0.0,,0.0
moral_0333,A life of greed and hoarding wealth leads to misery.,fable_0333,fable_0383|fable_0550|fable_0568|fable_0152|fable_0256|fable_0255|fable_0181|fable_0356|fable_0707|fable_0005,0.0,0.0,0.0,0.0,0.0,,0.0
moral_0334,Our mere anticipations of life outrun its realities.,fable_0334,fable_0577|fable_0077|fable_0667|fable_0360|fable_0334|fable_0497|fable_0557|fable_0657|fable_0519|fable_0479,0.2,0.0,1.0,1.0,0.38685280723454163,5,0.0
moral_0335,It's hard to give up bad habits.,fable_0335,fable_0251|fable_0532|fable_0005|fable_0141|fable_0384|fable_0654|fable_0144|fable_0277|fable_0002|fable_0258,0.0,0.0,0.0,0.0,0.0,,0.0
moral_0336,Beauty alone does not qualify one for leadership.,fable_0336,fable_0568|fable_0251|fable_0110|fable_0564|fable_0654|fable_0384|fable_0694|fable_0648|fable_0160|fable_0255,0.0,0.0,0.0,0.0,0.0,,0.0
moral_0337,Count the cost before you commit yourselves.,fable_0337,fable_0383|fable_0375|fable_0574|fable_0070|fable_0130|fable_0365|fable_0380|fable_0426|fable_0200|fable_0665,0.0,0.0,0.0,0.0,0.0,,0.0
moral_0338,Pride goes before destruction.,fable_0338,fable_0581|fable_0380|fable_0010|fable_0105|fable_0276|fable_0166|fable_0444|fable_0485|fable_0256|fable_0272,0.0,0.0,0.0,0.0,0.0,,0.0
moral_0339,God is the ultimate judge.,fable_0339,fable_0587|fable_0411|fable_0103|fable_0406|fable_0586|fable_0589|fable_0468|fable_0658|fable_0255|fable_0113,0.0,0.0,0.0,0.0,0.0,,0.0
moral_0340,It is a foolish thing to give advice to others while not looking out for oneself.,fable_0340,fable_0383|fable_0412|fable_0611|fable_0568|fable_0648|fable_0587|fable_0706|fable_0101|fable_0018|fable_0650,0.0,0.0,0.0,0.0,0.0,,0.0
moral_0341,Some people will do anything to get what they want.,fable_0341,fable_0383|fable_0532|fable_0315|fable_0258|fable_0254|fable_0650|fable_0530|fable_0434|fable_0118|fable_0152,0.0,0.0,0.0,0.0,0.0,,0.0
moral_0342,He who competes with his superiors destroys himself before he can equal them.,fable_0342,fable_0532|fable_0383|fable_0688|fable_0013|fable_0302|fable_0690|fable_0587|fable_0250|fable_0261|fable_0115,0.0,0.0,0.0,0.0,0.0,,0.0
moral_0343,Some people are so consumed by hatred that they would rather suffer themselves than see their enemies succeed.,fable_0343,fable_0383|fable_0539|fable_0653|fable_0343|fable_0488|fable_0318|fable_0102|fable_0359|fable_0454|fable_0690,0.25,0.0,1.0,1.0,0.43067655807339306,4,0.0
moral_0344,People with a history of wrongdoing are often not trusted.,fable_0344,fable_0670|fable_0383|fable_0459|fable_0301|fable_0303|fable_0302|fable_0525|fable_0128|fable_0694|fable_0552,0.0,0.0,0.0,0.0,0.0,,0.0
moral_0345,Do not boast too much at the height of your powers; people often spend their old age worn out with toil and trouble.,fable_0345,fable_0384|fable_0581|fable_0365|fable_0150|fable_0105|fable_0654|fable_0101|fable_0001|fable_0554|fable_0379,0.0,0.0,0.0,0.0,0.0,,0.0
moral_0346,The only thing that can really bring shame on a man is a punishment that he has justly deserved.,fable_0346,fable_0402|fable_0545|fable_0108|fable_0250|fable_0532|fable_0531|fable_0484|fable_0355|fable_0384|fable_0647,0.0,0.0,0.0,0.0,0.0,,0.0
moral_0347,Do not try to grasp too much at once.,fable_0347,fable_0004|fable_0019|fable_0015|fable_0650|fable_0700|fable_0371|fable_0264|fable_0569|fable_0383|fable_0538,0.0,0.0,0.0,0.0,0.0,,0.0
moral_0348,Nothing escapes the master's eye.,fable_0348,fable_0383|fable_0532|fable_0353|fable_0459|fable_0606|fable_0103|fable_0647|fable_0016|fable_0312|fable_0454,0.0,0.0,0.0,0.0,0.0,,0.0
moral_0349,Bad neighbours are the first to suffer from the harm they would do to others.,fable_0349,fable_0532|fable_0383|fable_0296|fable_0312|fable_0029|fable_0379|fable_0451|fable_0128|fable_0064|fable_0647,0.0,0.0,0.0,0.0,0.0,,0.0
moral_0350,Do not take on more than you can handle.,fable_0350,fable_0555|fable_0286|fable_0666|fable_0655|fable_0376|fable_0003|fable_0280|fable_0677|fable_0138|fable_0694,0.0,0.0,0.0,0.0,0.0,,0.0
moral_0351,"Charity begins at home, but this does not prevent the further exercise of it.",fable_0351,fable_0383|fable_0355|fable_0668|fable_0599|fable_0552|fable_0705|fable_0141|fable_0579|fable_0670|fable_0280,0.0,0.0,0.0,0.0,0.0,,0.0
moral_0352,Those who complain about their duties often forget their own role in creating the situation.,fable_0352,fable_0383|fable_0559|fable_0145|fable_0648|fable_0650|fable_0016|fable_0459|fable_0004|fable_0708|fable_0572,0.0,0.0,0.0,0.0,0.0,,0.0
moral_0353,He who harms someone should henceforth be treated with suspicion.,fable_0353,fable_0383|fable_0539|fable_0302|fable_0137|fable_0455|fable_0306|fable_0315|fable_0131|fable_0629|fable_0648,0.0,0.0,0.0,0.0,0.0,,0.0
moral_0354,"Injuries may be forgiven, but not forgotten.",fable_0354,fable_0383|fable_0353|fable_0430|fable_0146|fable_0690|fable_0338|fable_0484|fable_0051|fable_0186|fable_0644,0.0,0.0,0.0,0.0,0.0,,0.0
moral_0355,"When wicked people do not get the reward and thanks they expect, they immediately put a stop to their good works.",fable_0355,fable_0355|fable_0383|fable_0324|fable_0285|fable_0694|fable_0587|fable_0584|fable_0560|fable_0241|fable_0306,1.0,1.0,1.0,1.0,1.0,1,0.0
moral_0356,Man's greatest treasure consists in work.,fable_0356,fable_0150|fable_0002|fable_0148|fable_0703|fable_0107|fable_0369|fable_0676|fable_0356|fable_0656|fable_0563,0.125,0.0,0.0,1.0,0.31546487678572877,8,0.0
moral_0357,We had better bear our troubles bravely than try to escape them.,fable_0357,fable_0280|fable_0706|fable_0708|fable_0554|fable_0656|fable_0639|fable_0664|fable_0020|fable_0360|fable_0491,0.0,0.0,0.0,0.0,0.0,,0.0
moral_0358,"To be small is a way to stay safe and avoid problems, whereas you rarely see a man with a big reputation who is able to keep out of danger.",fable_0358,fable_0150|fable_0105|fable_0101|fable_0277|fable_0280|fable_0102|fable_0100|fable_0593|fable_0648|fable_0158,0.0,0.0,0.0,0.0,0.0,,0.0
moral_0359,Imitation is no substitute for knowledge.,fable_0359,fable_0611|fable_0359|fable_0658|fable_0298|fable_0101|fable_0355|fable_0251|fable_0100|fable_0053|fable_0043,0.5,0.0,1.0,1.0,0.6309297535714575,2,0.0
moral_0360,"We have to endure reversals of fortune, since we know that life is a matter of luck.",fable_0360,fable_0557|fable_0568|fable_0103|fable_0369|fable_0663|fable_0101|fable_0360|fable_0554|fable_0648|fable_0494,0.14285714285714285,0.0,0.0,1.0,0.3333333333333333,7,0.0
moral_0361,Luck often bestows the things that skill cannot obtain.,fable_0361,fable_0103|fable_0568|fable_0555|fable_0660|fable_0669|fable_0627|fable_0560|fable_0386|fable_0319|fable_0641,0.0,0.0,0.0,0.0,0.0,,0.0
moral_0362,Some never understand the actions of others.,fable_0362,fable_0383|fable_0648|fable_0059|fable_0101|fable_0115|fable_0302|fable_0014|fable_0195|fable_0292|fable_0094,0.0,0.0,0.0,0.0,0.0,,0.0
moral_0363,A reward for one might be destruction for another.,fable_0363,fable_0383|fable_0532|fable_0424|fable_0656|fable_0554|fable_0306|fable_0459|fable_0457|fable_0191|fable_0305,0.0,0.0,0.0,0.0,0.0,,0.0
moral_0364,"No mercy should be shown to someone who is wicked, regardless of whether his wickedness is great or small.",fable_0364,fable_0482|fable_0420|fable_0060|fable_0599|fable_0402|fable_0545|fable_0383|fable_0406|fable_0484|fable_0386,0.0,0.0,0.0,0.0,0.0,,0.0
moral_0365,"Pleasure bought with pains, hurts.",fable_0365,fable_0383|fable_0532|fable_0251|fable_0101|fable_0650|fable_0567|fable_0576|fable_0050|fable_0286|fable_0339,0.0,0.0,0.0,0.0,0.0,,0.0
moral_0366,Ignore complainers who have no influence.,fable_0366,fable_0461|fable_0355|fable_0648|fable_0110|fable_0031|fable_0094|fable_0013|fable_0532|fable_0509|fable_0611,0.0,0.0,0.0,0.0,0.0,,0.0
moral_0367,We should do favours for someone who can do us a good deed in return.,fable_0367,fable_0285|fable_0308|fable_0320|fable_0658|fable_0102|fable_0650|fable_0626|fable_0690|fable_0146|fable_0400,0.0,0.0,0.0,0.0,0.0,,0.0
moral_0368,Coffers of cash put a stop to honest traffic in praise.,fable_0368,fable_0667|fable_0368|fable_0559|fable_0707|fable_0706|fable_0417|fable_0416|fable_0227|fable_0492|fable_0410,0.5,0.0,1.0,1.0,0.6309297535714575,2,0.0
moral_0369,Accept the changes in life.,fable_0369,fable_0555|fable_0360|fable_0565|fable_0560|fable_0075|fable_0569|fable_0148|fable_0554|fable_0604|fable_0655,0.0,0.0,0.0,0.0,0.0,,0.0
moral_0370,Outside show is a poor substitute for inner worth.,fable_0370,fable_0383|fable_0532|fable_0404|fable_0495|fable_0492|fable_0563|fable_0660|fable_0174|fable_0489|fable_0100,0.0,0.0,0.0,0.0,0.0,,0.0
moral_0371,Slow and steady wins the race.,fable_0371,fable_0649|fable_0150|fable_0002|fable_0371|fable_0653|fable_0255|fable_0148|fable_0656|fable_0657|fable_0662,0.25,0.0,1.0,1.0,0.43067655807339306,4,0.0
moral_0372,A wicked person deservedly comes to a bad end by keeping company with other wicked people.,fable_0372,fable_0532|fable_0383|fable_0312|fable_0035|fable_0128|fable_0459|fable_0308|fable_0138|fable_0678|fable_0454,0.0,0.0,0.0,0.0,0.0,,0.0
moral_0373,It's easy to despise what you cannot have.,fable_0373,fable_0383|fable_0532|fable_0306|fable_0402|fable_0577|fable_0339|fable_0650|fable_0708|fable_0312|fable_0597,0.0,0.0,0.0,0.0,0.0,,0.0
moral_0374,Overly curious people often pay a very high price for recklessly indulging their curiosity.,fable_0374,fable_0383|fable_0381|fable_0101|fable_0210|fable_0209|fable_0704|fable_0375|fable_0201|fable_0053|fable_0264,0.0,0.0,0.0,0.0,0.0,,0.0
moral_0375,People who act impulsively can end up in regrettable situations.,fable_0375,fable_0532|fable_0383|fable_0043|fable_0402|fable_0101|fable_0375|fable_0381|fable_0039|fable_0404|fable_0077,0.16666666666666666,0.0,0.0,1.0,0.3562071871080222,6,0.0
moral_0376,Ambiguity in character can lead to mistrust.,fable_0376,fable_0383|fable_0539|fable_0422|fable_0302|fable_0137|fable_0459|fable_0454|fable_0164|fable_0538|fable_0583,0.0,0.0,0.0,0.0,0.0,,0.0
moral_0377,Quality is more valuable than quantity.,fable_0377,fable_0383|fable_0532|fable_0538|fable_0667|fable_0101|fable_0152|fable_0181|fable_0653|fable_0484|fable_0356,0.0,0.0,0.0,0.0,0.0,,0.0
moral_0378,Chance sometimes rules.,fable_0378,fable_0179|fable_0587|fable_0258|fable_0560|fable_0333|fable_0568|fable_0584|fable_0680|fable_0108|fable_0586,0.0,0.0,0.0,0.0,0.0,,0.0
moral_0379,Take warning from the misfortunes of others.,fable_0379,fable_0383|fable_0706|fable_0094|fable_0611|fable_0640|fable_0557|fable_0608|fable_0056|fable_0103|fable_0074,0.0,0.0,0.0,0.0,0.0,,0.0
moral_0380,Deceivers often exploit the inability of others to challenge their falsehoods.,fable_0380,fable_0383|fable_0301|fable_0302|fable_0254|fable_0584|fable_0402|fable_0105|fable_0550|fable_0562|fable_0527,0.0,0.0,0.0,0.0,0.0,,0.0
moral_0381,Greedy men chase after profit with such an intensity that they destroy themselves without achieving anything.,fable_0381,fable_0550|fable_0015|fable_0181|fable_0258|fable_0500|fable_0656|fable_0101|fable_0383|fable_0569|fable_0568,0.0,0.0,0.0,0.0,0.0,,0.0
moral_0382,Stay vigilant and think before you speak.,fable_0382,fable_0383|fable_0044|fable_0013|fable_0296|fable_0301|fable_0543|fable_0386|fable_0404|fable_0648|fable_0700,0.0,0.0,0.0,0.0,0.0,,0.0
moral_0383,Take pleasure when thieves destroy themselves.,fable_0383,fable_0383|fable_0539|fable_0406|fable_0404|fable_0194|fable_0244|fable_0046|fable_0574|fable_0499|fable_0425,1.0,1.0,1.0,1.0,1.0,1,0.0
moral_0384,Distrust advice from someone who stands to gain.,fable_0384,fable_0383|fable_0539|fable_0698|fable_0316|fable_0459|fable_0302|fable_0579|fable_0303|fable_0107|fable_0583,0.0,0.0,0.0,0.0,0.0,,0.0
moral_0385,Familiarity makes it easy to confront even frightening situations.,fable_0385,fable_0385|fable_0650|fable_0234|fable_0461|fable_0559|fable_0131|fable_0532|fable_0144|fable_0384|fable_0552,1.0,1.0,1.0,1.0,1.0,1,0.0
moral_0386,Someone who plots against others falls into his own trap.,fable_0386,fable_0383|fable_0532|fable_0164|fable_0040|fable_0137|fable_0315|fable_0420|fable_0259|fable_0573|fable_0353,0.0,0.0,0.0,0.0,0.0,,0.0
moral_0387,Beware of those who appear busy but achieve little of value.,fable_0387,fable_0149|fable_0335|fable_0058|fable_0697|fable_0667|fable_0280|fable_0285|fable_0656|fable_0665|fable_0602,0.0,0.0,0.0,0.0,0.0,,0.0
moral_0388,Imaginary fears are the worst.,fable_0388,fable_0537|fable_0357|fable_0648|fable_0574|fable_0091|fable_0529|fable_0080|fable_0531|fable_0401|fable_0374,0.0,0.0,0.0,0.0,0.0,,0.0
moral_0389,People who stubbornly cling to unwise choices lose everything before they know it.,fable_0389,fable_0383|fable_0532|fable_0485|fable_0588|fable_0404|fable_0180|fable_0064|fable_0028|fable_0530|fable_0658,0.0,0.0,0.0,0.0,0.0,,0.0
moral_0390,People who do harm to others destroy themselves in the bargain.,fable_0390,fable_0383|fable_0532|fable_0533|fable_0480|fable_0548|fable_0355|fable_0194|fable_0302|fable_0406|fable_0412,0.0,0.0,0.0,0.0,0.0,,0.0
moral_0391,Poor folk suffer when the high and mighty are at war with one another.,fable_0391,fable_0684|fable_0532|fable_0312|fable_0108|fable_0453|fable_0212|fable_0705|fable_0337|fable_0190|fable_0704,0.0,0.0,0.0,0.0,0.0,,0.0
moral_0392,"When you need someone to lend a hand, mere words are no help at all.",fable_0392,fable_0138|fable_0059|fable_0566|fable_0155|fable_0648|fable_0583|fable_0280|fable_0302|fable_0016|fable_0060,0.0,0.0,0.0,0.0,0.0,,0.0
moral_0393,Look before you leap.,fable_0393,fable_0008|fable_0280|fable_0375|fable_0101|fable_0158|fable_0648|fable_0583|fable_0427|fable_0457|fable_0376,0.0,0.0,0.0,0.0,0.0,,0.0
moral_0394,Easy gains often come with hidden costs and hardships.,fable_0394,fable_0033|fable_0667|fable_0280|fable_0077|fable_0569|fable_0305|fable_0086|fable_0002|fable_0018|fable_0170,0.0,0.0,0.0,0.0,0.0,,0.0
moral_0395,The things that a person does to others will happen to him in turn.,fable_0395,fable_0383|fable_0539|fable_0402|fable_0339|fable_0280|fable_0285|fable_0094|fable_0690|fable_0355|fable_0456,0.0,0.0,0.0,0.0,0.0,,0.0
moral_0396,Bear that those who are inferior to you in merit should be like you in outside appearances.,fable_0396,fable_0383|fable_0532|fable_0251|fable_0610|fable_0101|fable_0115|fable_0008|fable_0499|fable_0402|fable_0221,0.0,0.0,0.0,0.0,0.0,,0.0
moral_0397,Beware of enterprizes where the risks are not equal.,fable_0397,fable_0667|fable_0383|fable_0653|fable_0587|fable_0193|fable_0315|fable_0498|fable_0261|fable_0286|fable_0546,0.0,0.0,0.0,0.0,0.0,,0.0
moral_0398,Do not expect to be defended by someone who cannot offer any protection.,fable_0398,fable_0383|fable_0538|fable_0459|fable_0398|fable_0312|fable_0600|fable_0455|fable_0348|fable_0415|fable_0687,0.25,0.0,1.0,1.0,0.43067655807339306,4,0.0
moral_0399,"Sometimes, the greatest threats come from those you trust.",fable_0399,fable_0383|fable_0459|fable_0539|fable_0451|fable_0302|fable_0385|fable_0313|fable_0692|fable_0088|fable_0386,0.0,0.0,0.0,0.0,0.0,,0.0
moral_0400,A fool will make excuses for foolish behavior.,fable_0400,fable_0383|fable_0442|fable_0648|fable_0535|fable_0384|fable_0634|fable_0491|fable_0179|fable_0040|fable_0251,0.0,0.0,0.0,0.0,0.0,,0.0
moral_0401,"It is often the case that people are greedy for things which they think will bring them honour, but which only result in their death and destruction.",fable_0401,fable_0383|fable_0530|fable_0250|fable_0569|fable_0256|fable_0550|fable_0010|fable_0659|fable_0180|fable_0571,0.0,0.0,0.0,0.0,0.0,,0.0
moral_0402,Those who scheme against others may ultimately fall victim to their own plots.,fable_0402,fable_0383|fable_0532|fable_0240|fable_0315|fable_0402|fable_0597|fable_0340|fable_0331|fable_0550|fable_0353,0.2,0.0,1.0,1.0,0.38685280723454163,5,0.0
moral_0403,Do not neglect small advantages in hopes of better ones.,fable_0403,fable_0320|fable_0650|fable_0288|fable_0308|fable_0281|fable_0625|fable_0378|fable_0669|fable_0560|fable_0703,0.0,0.0,0.0,0.0,0.0,,0.0
moral_0404,People who grasp at more than they need lose the little that they held in their hands.,fable_0404,fable_0383|fable_0279|fable_0281|fable_0577|fable_0019|fable_0050|fable_0258|fable_0509|fable_0640|fable_0171,0.0,0.0,0.0,0.0,0.0,,0.0
moral_0405,"We should never put our trust in a wicked man, even if he seems to be completely innocuous.",fable_0405,fable_0383|fable_0459|fable_0538|fable_0307|fable_0398|fable_0137|fable_0654|fable_0629|fable_0450|fable_0134,0.0,0.0,0.0,0.0,0.0,,0.0
moral_0406,Vanity can blind one to their true worth in the eyes of others.,fable_0406,fable_0680|fable_0110|fable_0384|fable_0286|fable_0581|fable_0105|fable_0667|fable_0552|fable_0644|fable_0696,0.0,0.0,0.0,0.0,0.0,,0.0
moral_0407,Physical stature does not guarantee wisdom or intelligence.,fable_0407,fable_0407|fable_0555|fable_0405|fable_0125|fable_0574|fable_0647|fable_0423|fable_0013|fable_0611|fable_0137,1.0,1.0,1.0,1.0,1.0,1,0.0
moral_0408,Honesty is the best policy.,fable_0408,fable_0408|fable_0404|fable_0251|fable_0345|fable_0353|fable_0550|fable_0657|fable_0498|fable_0402|fable_0548,1.0,1.0,1.0,1.0,1.0,1,0.0
moral_0409,The promises of the greedy are often empty and insincere.,fable_0409,fable_0383|fable_0538|fable_0103|fable_0354|fable_0254|fable_0256|fable_0065|fable_0417|fable_0408|fable_0571,0.0,0.0,0.0,0.0,0.0,,0.0
moral_0410,"When you lie, you often have to expand the lie.",fable_0410,fable_0611|fable_0539|fable_0301|fable_0306|fable_0383|fable_0142|fable_0164|fable_0550|fable_0411|fable_0640,0.0,0.0,0.0,0.0,0.0,,0.0
moral_0411,"When people suffer misfortune because of their own foolishness, they often blame the gods.",fable_0411,fable_0648|fable_0411|fable_0103|fable_0587|fable_0333|fable_0581|fable_0560|fable_0469|fable_0169|fable_0153,0.5,0.0,1.0,1.0,0.6309297535714575,2,0.0
moral_0412,Life's disasters can often bring boastful and presumptuous people back down to earth.,fable_0412,fable_0532|fable_0383|fable_0404|fable_0168|fable_0381|fable_0581|fable_0268|fable_0670|fable_0285|fable_0064,0.0,0.0,0.0,0.0,0.0,,0.0
moral_0413,Don't promise big things if you can't deliver.,fable_0413,fable_0320|fable_0045|fable_0255|fable_0340|fable_0197|fable_0383|fable_0370|fable_0064|fable_0076|fable_0539,0.0,0.0,0.0,0.0,0.0,,0.0
moral_0414,There is no fixed day on which wicked people are punished.,fable_0414,fable_0586|fable_0414|fable_0648|fable_0465|fable_0418|fable_0706|fable_0587|fable_0558|fable_0450|fable_0416,0.5,0.0,1.0,1.0,0.6309297535714575,2,0.0
moral_0415,"Nobody believes people who are inherently wicked, even if they pretend to be good-natured.",fable_0415,fable_0383|fable_0532|fable_0413|fable_0244|fable_0627|fable_0579|fable_0137|fable_0562|fable_0312|fable_0135,0.0,0.0,0.0,0.0,0.0,,0.0
moral_0416,Each man makes his reputation in the field which is his specialty.,fable_0416,fable_0532|fable_0417|fable_0051|fable_0251|fable_0700|fable_0044|fable_0355|fable_0662|fable_0627|fable_0054,0.0,0.0,0.0,0.0,0.0,,0.0
moral_0417,Acceptance can lead to unexpected harmony.,fable_0417,fable_0402|fable_0450|fable_0568|fable_0343|fable_0100|fable_0647|fable_0306|fable_0285|fable_0056|fable_0660,0.0,0.0,0.0,0.0,0.0,,0.0
moral_0418,People who have been judged in the past can later on be in a position to judge their former teachers.,fable_0418,fable_0461|fable_0084|fable_0386|fable_0355|fable_0647|fable_0604|fable_0708|fable_0653|fable_0014|fable_0587,0.0,0.0,0.0,0.0,0.0,,0.0
moral_0419,"It is not the place, nor the condition, but the mind alone that is responsible for our happiness.",fable_0419,fable_0609|fable_0556|fable_0286|fable_0667|fable_0360|fable_0555|fable_0170|fable_0148|fable_0534|fable_0368,0.0,0.0,0.0,0.0,0.0,,0.0
moral_0420,"Do not ever trust your enemy. Always protect yourself from him, even if he comes to you humble and supplicating.",fable_0420,fable_0383|fable_0459|fable_0422|fable_0484|fable_0164|fable_0402|fable_0518|fable_0331|fable_0670|fable_0424,0.0,0.0,0.0,0.0,0.0,,0.0
moral_0421,Do not let anything turn you from your purpose.,fable_0421,fable_0532|fable_0383|fable_0118|fable_0302|fable_0410|fable_0653|fable_0585|fable_0704|fable_0141|fable_0335,0.0,0.0,0.0,0.0,0.0,,0.0
