run_id,model_alias,model_id,instruction_variant,corpus_config,summary_generator,summary_generator_model_id,generator_prompt_variant,MAP@10,MRR@10,NDCG@10,Recall@5,Recall@10,Recall@15,Recall@50,Recall@100,Recall@200,Recall@300,Hit@1,Hit@5,Hit@10,Hit@100,Mean_Rank,Median_Rank,n_queries,error
SFR-Embedding-Mistral__general__raw,SFR-Embedding-Mistral,Salesforce/SFR-Embedding-Mistral,general,raw,,,,0.164853,0.233433,0.210965,0.22742,0.298129,0.3376,0.493962,0.60731,0.736602,0.826048,0.16018,0.305389,0.384731,0.699102,101.58,28.0,668,
SFR-Embedding-Mistral__moral_specific__raw,SFR-Embedding-Mistral,Salesforce/SFR-Embedding-Mistral,moral_specific,raw,,,,0.090131,0.152448,0.119115,0.12742,0.159256,0.203418,0.365494,0.475499,0.621233,0.744212,0.095808,0.194611,0.233533,0.577844,152.63,67.5,668,
SFR-Embedding-Mistral__no_instr__raw,SFR-Embedding-Mistral,Salesforce/SFR-Embedding-Mistral,no_instr,raw,,,,0.144802,0.199236,0.181912,0.193388,0.251771,0.282934,0.437799,0.539621,0.70756,0.811801,0.13024,0.260479,0.321856,0.634731,115.97,44.0,668,
SFR-Embedding-Mistral__general__conceptual_abstract_fable__gemini__conceptual_abstract,SFR-Embedding-Mistral,Salesforce/SFR-Embedding-Mistral,general,conceptual_abstract_fable,gemini,gemini-3-flash-preview,conceptual_abstract,0.301118,0.366297,0.364007,0.390245,0.504291,0.560155,0.713448,0.794636,0.886602,0.928817,0.269461,0.464072,0.585329,0.866766,47.65,7.0,668,
SFR-Embedding-Mistral__general__conceptual_abstract_only__gemini__conceptual_abstract,SFR-Embedding-Mistral,Salesforce/SFR-Embedding-Mistral,general,conceptual_abstract_only,gemini,gemini-3-flash-preview,conceptual_abstract,0.339603,0.412656,0.401515,0.439197,0.526747,0.580339,0.720235,0.800798,0.878892,0.933358,0.315868,0.523952,0.598802,0.853293,50.82,5.0,668,
SFR-Embedding-Mistral__general__fable_conceptual_abstract__gemini__conceptual_abstract,SFR-Embedding-Mistral,Salesforce/SFR-Embedding-Mistral,general,fable_conceptual_abstract,gemini,gemini-3-flash-preview,conceptual_abstract,0.293615,0.359942,0.356497,0.375599,0.497779,0.559306,0.69274,0.802046,0.885479,0.930289,0.26497,0.450599,0.583832,0.86976,50.13,7.0,668,
SFR-Embedding-Mistral__general__cot_proverb_fable__gemini__cot_proverb,SFR-Embedding-Mistral,Salesforce/SFR-Embedding-Mistral,general,cot_proverb_fable,gemini,gemini-3-flash-preview,cot_proverb,0.309819,0.374893,0.372623,0.414172,0.506936,0.547854,0.704266,0.786627,0.878743,0.93236,0.270958,0.492515,0.586826,0.851796,48.95,6.0,668,
SFR-Embedding-Mistral__general__cot_proverb_only__gemini__cot_proverb,SFR-Embedding-Mistral,Salesforce/SFR-Embedding-Mistral,general,cot_proverb_only,gemini,gemini-3-flash-preview,cot_proverb,0.301627,0.364982,0.35706,0.38755,0.466841,0.500299,0.655414,0.734356,0.850225,0.895734,0.276946,0.462575,0.538922,0.791916,67.63,7.5,668,
SFR-Embedding-Mistral__general__fable_cot_proverb__gemini__cot_proverb,SFR-Embedding-Mistral,Salesforce/SFR-Embedding-Mistral,general,fable_cot_proverb,gemini,gemini-3-flash-preview,cot_proverb,0.313283,0.3814,0.37166,0.40025,0.493014,0.545434,0.703418,0.80272,0.888897,0.932984,0.282934,0.477545,0.570359,0.860778,49.02,6.0,668,
SFR-Embedding-Mistral__general__direct_moral_fable__gemini__direct_moral,SFR-Embedding-Mistral,Salesforce/SFR-Embedding-Mistral,general,direct_moral_fable,gemini,gemini-3-flash-preview,direct_moral,0.298544,0.365179,0.360763,0.398453,0.493039,0.54259,0.703992,0.798154,0.884531,0.926497,0.257485,0.477545,0.579341,0.863772,48.63,6.0,668,
SFR-Embedding-Mistral__general__direct_moral_only__gemini__direct_moral,SFR-Embedding-Mistral,Salesforce/SFR-Embedding-Mistral,general,direct_moral_only,gemini,gemini-3-flash-preview,direct_moral,0.333644,0.403372,0.397772,0.433109,0.531412,0.578343,0.714047,0.794636,0.87767,0.919336,0.293413,0.525449,0.618263,0.844311,53.51,5.0,668,
SFR-Embedding-Mistral__general__fable_direct_moral__gemini__direct_moral,SFR-Embedding-Mistral,Salesforce/SFR-Embedding-Mistral,general,fable_direct_moral,gemini,gemini-3-flash-preview,direct_moral,0.29676,0.364313,0.360205,0.39521,0.49768,0.543663,0.687874,0.790294,0.888772,0.930264,0.263473,0.476048,0.583832,0.851796,50.31,6.5,668,
SFR-Embedding-Mistral__general__fable_proverb__gemini__proverb,SFR-Embedding-Mistral,Salesforce/SFR-Embedding-Mistral,general,fable_proverb,gemini,gemini-3-flash-preview,proverb,0.312581,0.381707,0.373941,0.407136,0.502171,0.558907,0.701023,0.797006,0.878942,0.925773,0.287425,0.48503,0.583832,0.85479,50.76,6.0,668,
SFR-Embedding-Mistral__general__proverb_fable__gemini__proverb,SFR-Embedding-Mistral,Salesforce/SFR-Embedding-Mistral,general,proverb_fable,gemini,gemini-3-flash-preview,proverb,0.301395,0.367136,0.363616,0.396931,0.496482,0.542864,0.702146,0.78997,0.874301,0.926597,0.257485,0.477545,0.579341,0.85479,50.59,6.0,668,
SFR-Embedding-Mistral__general__proverb_only__gemini__proverb,SFR-Embedding-Mistral,Salesforce/SFR-Embedding-Mistral,general,proverb_only,gemini,gemini-3-flash-preview,proverb,0.271023,0.329227,0.325219,0.356961,0.43503,0.485379,0.653368,0.748154,0.848752,0.901846,0.233533,0.432635,0.504491,0.797904,69.5,10.0,668,
SFR-Embedding-Mistral__moral_specific__conceptual_abstract_fable__gemini__conceptual_abstract,SFR-Embedding-Mistral,Salesforce/SFR-Embedding-Mistral,moral_specific,conceptual_abstract_fable,gemini,gemini-3-flash-preview,conceptual_abstract,0.287206,0.360812,0.354844,0.384731,0.495958,0.541043,0.679965,0.771831,0.870085,0.909306,0.260479,0.474551,0.585329,0.821856,61.63,6.0,668,
SFR-Embedding-Mistral__moral_specific__conceptual_abstract_only__gemini__conceptual_abstract,SFR-Embedding-Mistral,Salesforce/SFR-Embedding-Mistral,moral_specific,conceptual_abstract_only,gemini,gemini-3-flash-preview,conceptual_abstract,0.251348,0.328399,0.313012,0.351996,0.435878,0.496407,0.634905,0.747031,0.841766,0.904416,0.229042,0.450599,0.523952,0.800898,69.42,9.0,668,
SFR-Embedding-Mistral__moral_specific__fable_conceptual_abstract__gemini__conceptual_abstract,SFR-Embedding-Mistral,Salesforce/SFR-Embedding-Mistral,moral_specific,fable_conceptual_abstract,gemini,gemini-3-flash-preview,conceptual_abstract,0.260311,0.332341,0.320567,0.341941,0.44521,0.511652,0.663373,0.765095,0.858283,0.912725,0.232036,0.42515,0.528443,0.817365,63.59,9.0,668,
SFR-Embedding-Mistral__moral_specific__cot_proverb_fable__gemini__cot_proverb,SFR-Embedding-Mistral,Salesforce/SFR-Embedding-Mistral,moral_specific,cot_proverb_fable,gemini,gemini-3-flash-preview,cot_proverb,0.284631,0.358032,0.345689,0.381013,0.463373,0.515419,0.660279,0.756013,0.863573,0.919661,0.254491,0.473054,0.552395,0.805389,62.26,6.0,668,
SFR-Embedding-Mistral__moral_specific__cot_proverb_only__gemini__cot_proverb,SFR-Embedding-Mistral,Salesforce/SFR-Embedding-Mistral,moral_specific,cot_proverb_only,gemini,gemini-3-flash-preview,cot_proverb,0.2647,0.33241,0.31971,0.3375,0.428044,0.470684,0.64264,0.711801,0.829566,0.885105,0.252994,0.414671,0.502994,0.772455,77.08,10.0,668,
SFR-Embedding-Mistral__moral_specific__fable_cot_proverb__gemini__cot_proverb,SFR-Embedding-Mistral,Salesforce/SFR-Embedding-Mistral,moral_specific,fable_cot_proverb,gemini,gemini-3-flash-preview,cot_proverb,0.263221,0.332726,0.321445,0.356986,0.437275,0.496058,0.67263,0.757111,0.848977,0.911327,0.233533,0.447605,0.520958,0.808383,63.36,8.5,668,
SFR-Embedding-Mistral__moral_specific__direct_moral_fable__gemini__direct_moral,SFR-Embedding-Mistral,Salesforce/SFR-Embedding-Mistral,moral_specific,direct_moral_fable,gemini,gemini-3-flash-preview,direct_moral,0.282485,0.361478,0.345261,0.386951,0.465918,0.526148,0.676846,0.769361,0.864346,0.918064,0.255988,0.482036,0.561377,0.818862,61.75,6.0,668,
SFR-Embedding-Mistral__moral_specific__direct_moral_only__gemini__direct_moral,SFR-Embedding-Mistral,Salesforce/SFR-Embedding-Mistral,moral_specific,direct_moral_only,gemini,gemini-3-flash-preview,direct_moral,0.266496,0.342548,0.322903,0.345434,0.429017,0.479516,0.679017,0.756487,0.853169,0.886702,0.245509,0.437126,0.51497,0.808383,72.26,9.0,668,
SFR-Embedding-Mistral__moral_specific__fable_direct_moral__gemini__direct_moral,SFR-Embedding-Mistral,Salesforce/SFR-Embedding-Mistral,moral_specific,fable_direct_moral,gemini,gemini-3-flash-preview,direct_moral,0.256028,0.333363,0.316539,0.34486,0.435803,0.507934,0.653144,0.743413,0.851796,0.909057,0.230539,0.437126,0.526946,0.800898,65.72,9.0,668,
SFR-Embedding-Mistral__moral_specific__fable_proverb__gemini__proverb,SFR-Embedding-Mistral,Salesforce/SFR-Embedding-Mistral,moral_specific,fable_proverb,gemini,gemini-3-flash-preview,proverb,0.259832,0.331144,0.318061,0.341043,0.432984,0.490619,0.67016,0.763797,0.851098,0.913323,0.23503,0.429641,0.522455,0.818862,61.12,9.0,668,
SFR-Embedding-Mistral__moral_specific__proverb_fable__gemini__proverb,SFR-Embedding-Mistral,Salesforce/SFR-Embedding-Mistral,moral_specific,proverb_fable,gemini,gemini-3-flash-preview,proverb,0.285152,0.365029,0.348196,0.374227,0.469411,0.510928,0.671457,0.768588,0.877146,0.915594,0.275449,0.465569,0.561377,0.826347,59.18,7.0,668,
SFR-Embedding-Mistral__moral_specific__proverb_only__gemini__proverb,SFR-Embedding-Mistral,Salesforce/SFR-Embedding-Mistral,moral_specific,proverb_only,gemini,gemini-3-flash-preview,proverb,0.243056,0.301418,0.291651,0.303194,0.387101,0.445758,0.622031,0.704017,0.798703,0.879316,0.223054,0.366766,0.453593,0.760479,82.0,14.0,668,
SFR-Embedding-Mistral__no_instr__conceptual_abstract_fable__gemini__conceptual_abstract,SFR-Embedding-Mistral,Salesforce/SFR-Embedding-Mistral,no_instr,conceptual_abstract_fable,gemini,gemini-3-flash-preview,conceptual_abstract,0.26525,0.325623,0.319478,0.345484,0.438847,0.498927,0.661003,0.769561,0.867016,0.919835,0.233533,0.407186,0.510479,0.83982,57.2,10.0,668,
SFR-Embedding-Mistral__no_instr__conceptual_abstract_only__gemini__conceptual_abstract,SFR-Embedding-Mistral,Salesforce/SFR-Embedding-Mistral,no_instr,conceptual_abstract_only,gemini,gemini-3-flash-preview,conceptual_abstract,0.310983,0.383874,0.370957,0.405364,0.492839,0.545634,0.698852,0.772829,0.861776,0.917665,0.284431,0.492515,0.570359,0.830838,57.07,6.0,668,
SFR-Embedding-Mistral__no_instr__fable_conceptual_abstract__gemini__conceptual_abstract,SFR-Embedding-Mistral,Salesforce/SFR-Embedding-Mistral,no_instr,fable_conceptual_abstract,gemini,gemini-3-flash-preview,conceptual_abstract,0.250022,0.309887,0.300634,0.330215,0.409681,0.453518,0.627495,0.734955,0.851073,0.914222,0.223054,0.398204,0.477545,0.800898,65.7,13.0,668,
SFR-Embedding-Mistral__no_instr__cot_proverb_fable__gemini__cot_proverb,SFR-Embedding-Mistral,Salesforce/SFR-Embedding-Mistral,no_instr,cot_proverb_fable,gemini,gemini-3-flash-preview,cot_proverb,0.282092,0.348301,0.337049,0.365669,0.451223,0.499326,0.664895,0.772355,0.867016,0.921806,0.257485,0.441617,0.534431,0.838323,55.86,8.0,668,
SFR-Embedding-Mistral__no_instr__cot_proverb_only__gemini__cot_proverb,SFR-Embedding-Mistral,Salesforce/SFR-Embedding-Mistral,no_instr,cot_proverb_only,gemini,gemini-3-flash-preview,cot_proverb,0.295476,0.358436,0.349864,0.370709,0.45736,0.500125,0.648229,0.72737,0.837774,0.890269,0.272455,0.441617,0.522455,0.781437,72.29,9.0,668,
SFR-Embedding-Mistral__no_instr__fable_cot_proverb__gemini__cot_proverb,SFR-Embedding-Mistral,Salesforce/SFR-Embedding-Mistral,no_instr,fable_cot_proverb,gemini,gemini-3-flash-preview,cot_proverb,0.258663,0.326699,0.310703,0.347056,0.41502,0.471183,0.639496,0.754491,0.863049,0.918663,0.232036,0.422156,0.494012,0.815868,61.51,11.0,668,
SFR-Embedding-Mistral__no_instr__direct_moral_fable__gemini__direct_moral,SFR-Embedding-Mistral,Salesforce/SFR-Embedding-Mistral,no_instr,direct_moral_fable,gemini,gemini-3-flash-preview,direct_moral,0.265131,0.327842,0.319726,0.353318,0.436552,0.496307,0.646332,0.763822,0.861153,0.917964,0.232036,0.417665,0.513473,0.838323,57.9,10.0,668,
SFR-Embedding-Mistral__no_instr__direct_moral_only__gemini__direct_moral,SFR-Embedding-Mistral,Salesforce/SFR-Embedding-Mistral,no_instr,direct_moral_only,gemini,gemini-3-flash-preview,direct_moral,0.312924,0.385941,0.373906,0.406337,0.494636,0.550075,0.702994,0.784656,0.87253,0.915294,0.282934,0.497006,0.588323,0.833832,56.16,6.0,668,
SFR-Embedding-Mistral__no_instr__fable_direct_moral__gemini__direct_moral,SFR-Embedding-Mistral,Salesforce/SFR-Embedding-Mistral,no_instr,fable_direct_moral,gemini,gemini-3-flash-preview,direct_moral,0.257962,0.322062,0.309054,0.333708,0.413922,0.459531,0.63488,0.740544,0.848403,0.898378,0.230539,0.407186,0.486527,0.812874,64.34,11.0,668,
SFR-Embedding-Mistral__no_instr__fable_proverb__gemini__proverb,SFR-Embedding-Mistral,Salesforce/SFR-Embedding-Mistral,no_instr,fable_proverb,gemini,gemini-3-flash-preview,proverb,0.25909,0.323366,0.31348,0.343713,0.428318,0.486078,0.633633,0.753169,0.845409,0.915893,0.229042,0.419162,0.505988,0.814371,62.89,9.0,668,
SFR-Embedding-Mistral__no_instr__proverb_fable__gemini__proverb,SFR-Embedding-Mistral,Salesforce/SFR-Embedding-Mistral,no_instr,proverb_fable,gemini,gemini-3-flash-preview,proverb,0.270769,0.337381,0.328983,0.366766,0.452819,0.511702,0.655464,0.768513,0.866467,0.913822,0.236527,0.447605,0.532934,0.835329,56.15,8.0,668,
SFR-Embedding-Mistral__no_instr__proverb_only__gemini__proverb,SFR-Embedding-Mistral,Salesforce/SFR-Embedding-Mistral,no_instr,proverb_only,gemini,gemini-3-flash-preview,proverb,0.280274,0.337746,0.332399,0.354366,0.436277,0.482834,0.636727,0.738049,0.841642,0.912151,0.242515,0.431138,0.511976,0.787425,69.55,9.5,668,
SFR-Embedding-Mistral__general__conceptual_abstract_fable__gemma4-31B__conceptual_abstract,SFR-Embedding-Mistral,Salesforce/SFR-Embedding-Mistral,general,conceptual_abstract_fable,gemma4-31B,google/gemma-4-31B-it,conceptual_abstract,0.2531,0.327057,0.310875,0.340569,0.427994,0.482036,0.672255,0.770484,0.852844,0.916168,0.229042,0.423653,0.519461,0.838323,56.34,9.0,668,
SFR-Embedding-Mistral__general__conceptual_abstract_only__gemma4-31B__conceptual_abstract,SFR-Embedding-Mistral,Salesforce/SFR-Embedding-Mistral,general,conceptual_abstract_only,gemma4-31B,google/gemma-4-31B-it,conceptual_abstract,0.236563,0.316119,0.294034,0.316692,0.403069,0.451996,0.604466,0.724426,0.84501,0.892814,0.226048,0.416168,0.495509,0.793413,76.31,11.0,668,
SFR-Embedding-Mistral__general__fable_conceptual_abstract__gemma4-31B__conceptual_abstract,SFR-Embedding-Mistral,Salesforce/SFR-Embedding-Mistral,general,fable_conceptual_abstract,gemma4-31B,google/gemma-4-31B-it,conceptual_abstract,0.25793,0.328248,0.312348,0.343064,0.421282,0.474775,0.647081,0.766991,0.863548,0.921507,0.241018,0.419162,0.511976,0.829341,60.33,10.0,668,
SFR-Embedding-Mistral__general__cot_proverb_fable__gemma4-31B__cot_proverb,SFR-Embedding-Mistral,Salesforce/SFR-Embedding-Mistral,general,cot_proverb_fable,gemma4-31B,google/gemma-4-31B-it,cot_proverb,0.238663,0.301987,0.296375,0.337226,0.420309,0.484057,0.630888,0.738273,0.842166,0.901647,0.202096,0.402695,0.498503,0.814371,64.95,11.0,668,
SFR-Embedding-Mistral__general__cot_proverb_only__gemma4-31B__cot_proverb,SFR-Embedding-Mistral,Salesforce/SFR-Embedding-Mistral,general,cot_proverb_only,gemma4-31B,google/gemma-4-31B-it,cot_proverb,0.18463,0.240943,0.229916,0.260454,0.318588,0.368738,0.518762,0.612325,0.733982,0.826422,0.157186,0.321856,0.392216,0.688623,105.89,24.0,668,
SFR-Embedding-Mistral__general__fable_cot_proverb__gemma4-31B__cot_proverb,SFR-Embedding-Mistral,Salesforce/SFR-Embedding-Mistral,general,fable_cot_proverb,gemma4-31B,google/gemma-4-31B-it,cot_proverb,0.251466,0.316172,0.308756,0.33483,0.431836,0.489247,0.63226,0.726697,0.846931,0.909182,0.221557,0.405689,0.507485,0.797904,62.76,10.0,668,
SFR-Embedding-Mistral__general__direct_moral_fable__gemma4-31B__direct_moral,SFR-Embedding-Mistral,Salesforce/SFR-Embedding-Mistral,general,direct_moral_fable,gemma4-31B,google/gemma-4-31B-it,direct_moral,0.250688,0.318676,0.307606,0.336776,0.426971,0.490045,0.671956,0.773628,0.85489,0.913448,0.22006,0.413174,0.517964,0.83982,58.34,10.0,668,
SFR-Embedding-Mistral__general__direct_moral_only__gemma4-31B__direct_moral,SFR-Embedding-Mistral,Salesforce/SFR-Embedding-Mistral,general,direct_moral_only,gemma4-31B,google/gemma-4-31B-it,direct_moral,0.257257,0.337862,0.313303,0.339197,0.416018,0.471058,0.652171,0.739421,0.84768,0.899177,0.245509,0.429641,0.513473,0.790419,68.07,9.0,668,
SFR-Embedding-Mistral__general__fable_direct_moral__gemma4-31B__direct_moral,SFR-Embedding-Mistral,Salesforce/SFR-Embedding-Mistral,general,fable_direct_moral,gemma4-31B,google/gemma-4-31B-it,direct_moral,0.266067,0.33783,0.322928,0.334132,0.440793,0.507036,0.662849,0.755813,0.868738,0.914072,0.254491,0.408683,0.52994,0.818862,59.29,9.0,668,
SFR-Embedding-Mistral__general__fable_proverb__gemma4-31B__proverb,SFR-Embedding-Mistral,Salesforce/SFR-Embedding-Mistral,general,fable_proverb,gemma4-31B,google/gemma-4-31B-it,proverb,0.183209,0.249884,0.230641,0.250898,0.325225,0.394486,0.561028,0.674501,0.796307,0.866567,0.167665,0.320359,0.408683,0.758982,82.11,17.0,668,
SFR-Embedding-Mistral__general__proverb_fable__gemma4-31B__proverb,SFR-Embedding-Mistral,Salesforce/SFR-Embedding-Mistral,general,proverb_fable,gemma4-31B,google/gemma-4-31B-it,proverb,0.166884,0.23297,0.215703,0.244536,0.311727,0.362924,0.543488,0.676297,0.802545,0.874775,0.137725,0.323353,0.401198,0.767964,79.28,20.0,668,
SFR-Embedding-Mistral__general__proverb_only__gemma4-31B__proverb,SFR-Embedding-Mistral,Salesforce/SFR-Embedding-Mistral,general,proverb_only,gemma4-31B,google/gemma-4-31B-it,proverb,0.003686,0.013096,0.006321,0.005988,0.012725,0.019711,0.067066,0.131786,0.272754,0.416567,0.001497,0.008982,0.019461,0.196108,314.95,292.0,668,
SFR-Embedding-Mistral__moral_specific__conceptual_abstract_fable__gemma4-31B__conceptual_abstract,SFR-Embedding-Mistral,Salesforce/SFR-Embedding-Mistral,moral_specific,conceptual_abstract_fable,gemma4-31B,google/gemma-4-31B-it,conceptual_abstract,0.237448,0.320527,0.295381,0.323204,0.403194,0.45746,0.617565,0.737849,0.847879,0.89743,0.233533,0.417665,0.498503,0.796407,69.98,11.0,668,
SFR-Embedding-Mistral__moral_specific__conceptual_abstract_only__gemma4-31B__conceptual_abstract,SFR-Embedding-Mistral,Salesforce/SFR-Embedding-Mistral,moral_specific,conceptual_abstract_only,gemma4-31B,google/gemma-4-31B-it,conceptual_abstract,0.187696,0.263217,0.234956,0.251123,0.315719,0.362924,0.525848,0.659855,0.789421,0.861477,0.179641,0.341317,0.408683,0.729042,97.26,21.0,668,
SFR-Embedding-Mistral__moral_specific__fable_conceptual_abstract__gemma4-31B__conceptual_abstract,SFR-Embedding-Mistral,Salesforce/SFR-Embedding-Mistral,moral_specific,fable_conceptual_abstract,gemma4-31B,google/gemma-4-31B-it,conceptual_abstract,0.221911,0.293017,0.276884,0.316592,0.381637,0.442939,0.608957,0.719661,0.827969,0.891866,0.197605,0.41018,0.483533,0.778443,75.08,12.0,668,
SFR-Embedding-Mistral__moral_specific__cot_proverb_fable__gemma4-31B__cot_proverb,SFR-Embedding-Mistral,Salesforce/SFR-Embedding-Mistral,moral_specific,cot_proverb_fable,gemma4-31B,google/gemma-4-31B-it,cot_proverb,0.222614,0.295521,0.282651,0.314371,0.403443,0.449726,0.603942,0.729666,0.834681,0.89269,0.200599,0.402695,0.494012,0.791916,74.12,11.0,668,
SFR-Embedding-Mistral__moral_specific__cot_proverb_only__gemma4-31B__cot_proverb,SFR-Embedding-Mistral,Salesforce/SFR-Embedding-Mistral,moral_specific,cot_proverb_only,gemma4-31B,google/gemma-4-31B-it,cot_proverb,0.169063,0.216468,0.213437,0.230489,0.303917,0.344486,0.483358,0.583733,0.720659,0.804242,0.137725,0.293413,0.377246,0.657186,120.17,33.5,668,
SFR-Embedding-Mistral__moral_specific__fable_cot_proverb__gemma4-31B__cot_proverb,SFR-Embedding-Mistral,Salesforce/SFR-Embedding-Mistral,moral_specific,fable_cot_proverb,gemma4-31B,google/gemma-4-31B-it,cot_proverb,0.213527,0.281723,0.268591,0.295709,0.377844,0.433034,0.609057,0.710803,0.81275,0.89496,0.187126,0.375749,0.462575,0.773952,76.6,14.0,668,
SFR-Embedding-Mistral__moral_specific__direct_moral_fable__gemma4-31B__direct_moral,SFR-Embedding-Mistral,Salesforce/SFR-Embedding-Mistral,moral_specific,direct_moral_fable,gemma4-31B,google/gemma-4-31B-it,direct_moral,0.247856,0.323136,0.308032,0.326747,0.426497,0.47243,0.629266,0.736976,0.847181,0.910454,0.227545,0.414671,0.517964,0.797904,69.8,10.0,668,
SFR-Embedding-Mistral__moral_specific__direct_moral_only__gemma4-31B__direct_moral,SFR-Embedding-Mistral,Salesforce/SFR-Embedding-Mistral,moral_specific,direct_moral_only,gemma4-31B,google/gemma-4-31B-it,direct_moral,0.211116,0.285968,0.264152,0.280664,0.362874,0.418887,0.572305,0.679466,0.820284,0.889945,0.196108,0.375749,0.456587,0.741018,84.57,14.5,668,
SFR-Embedding-Mistral__moral_specific__fable_direct_moral__gemma4-31B__direct_moral,SFR-Embedding-Mistral,Salesforce/SFR-Embedding-Mistral,moral_specific,fable_direct_moral,gemma4-31B,google/gemma-4-31B-it,direct_moral,0.226397,0.302026,0.282156,0.303468,0.388298,0.439396,0.621707,0.730314,0.838323,0.906088,0.208084,0.390719,0.479042,0.79491,71.11,12.0,668,
SFR-Embedding-Mistral__moral_specific__fable_proverb__gemma4-31B__proverb,SFR-Embedding-Mistral,Salesforce/SFR-Embedding-Mistral,moral_specific,fable_proverb,gemma4-31B,google/gemma-4-31B-it,proverb,0.132306,0.205051,0.175602,0.184731,0.250624,0.29758,0.47979,0.59002,0.74017,0.834581,0.136228,0.266467,0.341317,0.676647,110.87,32.0,668,
SFR-Embedding-Mistral__moral_specific__proverb_fable__gemma4-31B__proverb,SFR-Embedding-Mistral,Salesforce/SFR-Embedding-Mistral,moral_specific,proverb_fable,gemma4-31B,google/gemma-4-31B-it,proverb,0.156063,0.230153,0.207343,0.22243,0.302445,0.350299,0.506687,0.620858,0.748628,0.836203,0.151198,0.314371,0.401198,0.700599,104.43,23.0,668,
SFR-Embedding-Mistral__moral_specific__proverb_only__gemma4-31B__proverb,SFR-Embedding-Mistral,Salesforce/SFR-Embedding-Mistral,moral_specific,proverb_only,gemma4-31B,google/gemma-4-31B-it,proverb,0.003686,0.013096,0.006321,0.005988,0.012725,0.019711,0.067066,0.131786,0.272754,0.416567,0.001497,0.008982,0.019461,0.196108,314.95,292.0,668,
SFR-Embedding-Mistral__no_instr__conceptual_abstract_fable__gemma4-31B__conceptual_abstract,SFR-Embedding-Mistral,Salesforce/SFR-Embedding-Mistral,no_instr,conceptual_abstract_fable,gemma4-31B,google/gemma-4-31B-it,conceptual_abstract,0.226559,0.298674,0.277827,0.293613,0.379691,0.432136,0.620634,0.718463,0.838897,0.899177,0.215569,0.371257,0.464072,0.791916,66.61,14.0,668,
SFR-Embedding-Mistral__no_instr__conceptual_abstract_only__gemma4-31B__conceptual_abstract,SFR-Embedding-Mistral,Salesforce/SFR-Embedding-Mistral,no_instr,conceptual_abstract_only,gemma4-31B,google/gemma-4-31B-it,conceptual_abstract,0.233148,0.309444,0.283633,0.307236,0.372405,0.4251,0.599925,0.712051,0.808234,0.861153,0.221557,0.399701,0.464072,0.781437,83.56,14.0,668,
SFR-Embedding-Mistral__no_instr__fable_conceptual_abstract__gemma4-31B__conceptual_abstract,SFR-Embedding-Mistral,Salesforce/SFR-Embedding-Mistral,no_instr,fable_conceptual_abstract,gemma4-31B,google/gemma-4-31B-it,conceptual_abstract,0.215919,0.275896,0.264473,0.277071,0.366991,0.406811,0.566991,0.708059,0.827545,0.896382,0.194611,0.345808,0.441617,0.782934,74.57,17.0,668,
SFR-Embedding-Mistral__no_instr__cot_proverb_fable__gemma4-31B__cot_proverb,SFR-Embedding-Mistral,Salesforce/SFR-Embedding-Mistral,no_instr,cot_proverb_fable,gemma4-31B,google/gemma-4-31B-it,cot_proverb,0.212141,0.275851,0.2627,0.293039,0.365943,0.42495,0.59244,0.707759,0.819237,0.889296,0.185629,0.365269,0.44012,0.782934,72.62,15.0,668,
SFR-Embedding-Mistral__no_instr__cot_proverb_only__gemma4-31B__cot_proverb,SFR-Embedding-Mistral,Salesforce/SFR-Embedding-Mistral,no_instr,cot_proverb_only,gemma4-31B,google/gemma-4-31B-it,cot_proverb,0.189562,0.242939,0.235041,0.256362,0.32475,0.370284,0.513099,0.615744,0.741916,0.815619,0.161677,0.323353,0.401198,0.687126,107.09,27.5,668,
SFR-Embedding-Mistral__no_instr__fable_cot_proverb__gemma4-31B__cot_proverb,SFR-Embedding-Mistral,Salesforce/SFR-Embedding-Mistral,no_instr,fable_cot_proverb,gemma4-31B,google/gemma-4-31B-it,cot_proverb,0.215455,0.275797,0.261086,0.294935,0.352046,0.407161,0.580664,0.695808,0.819486,0.898578,0.193114,0.365269,0.422156,0.776946,76.23,17.0,668,
SFR-Embedding-Mistral__no_instr__direct_moral_fable__gemma4-31B__direct_moral,SFR-Embedding-Mistral,Salesforce/SFR-Embedding-Mistral,no_instr,direct_moral_fable,gemma4-31B,google/gemma-4-31B-it,direct_moral,0.227123,0.291556,0.278602,0.308807,0.387824,0.429017,0.622605,0.726447,0.845684,0.906437,0.211078,0.374251,0.464072,0.802395,67.5,13.0,668,
SFR-Embedding-Mistral__no_instr__direct_moral_only__gemma4-31B__direct_moral,SFR-Embedding-Mistral,Salesforce/SFR-Embedding-Mistral,no_instr,direct_moral_only,gemma4-31B,google/gemma-4-31B-it,direct_moral,0.255951,0.330368,0.313094,0.324227,0.424925,0.473253,0.636826,0.741392,0.83765,0.909805,0.241018,0.416168,0.511976,0.796407,69.76,10.0,668,
SFR-Embedding-Mistral__no_instr__fable_direct_moral__gemma4-31B__direct_moral,SFR-Embedding-Mistral,Salesforce/SFR-Embedding-Mistral,no_instr,fable_direct_moral,gemma4-31B,google/gemma-4-31B-it,direct_moral,0.215881,0.278106,0.266722,0.302071,0.3748,0.430963,0.578219,0.714072,0.831287,0.9002,0.191617,0.371257,0.444611,0.782934,73.75,15.0,668,
SFR-Embedding-Mistral__no_instr__fable_proverb__gemma4-31B__proverb,SFR-Embedding-Mistral,Salesforce/SFR-Embedding-Mistral,no_instr,fable_proverb,gemma4-31B,google/gemma-4-31B-it,proverb,0.154493,0.214096,0.19136,0.20978,0.259506,0.305763,0.466417,0.603917,0.744661,0.836302,0.148204,0.272455,0.329341,0.691617,103.29,37.0,668,
SFR-Embedding-Mistral__no_instr__proverb_fable__gemma4-31B__proverb,SFR-Embedding-Mistral,Salesforce/SFR-Embedding-Mistral,no_instr,proverb_fable,gemma4-31B,google/gemma-4-31B-it,proverb,0.148843,0.213034,0.191836,0.213573,0.274925,0.328618,0.513124,0.668189,0.795259,0.8752,0.139222,0.287425,0.356287,0.755988,83.97,28.0,668,
SFR-Embedding-Mistral__no_instr__proverb_only__gemma4-31B__proverb,SFR-Embedding-Mistral,Salesforce/SFR-Embedding-Mistral,no_instr,proverb_only,gemma4-31B,google/gemma-4-31B-it,proverb,0.003686,0.013096,0.006321,0.005988,0.012725,0.019711,0.067066,0.131786,0.272754,0.416567,0.001497,0.008982,0.019461,0.196108,314.95,292.0,668,
SFR-Embedding-Mistral__general__conceptual_abstract_fable__gemma4-E2B__conceptual_abstract,SFR-Embedding-Mistral,Salesforce/SFR-Embedding-Mistral,general,conceptual_abstract_fable,gemma4-E2B,google/gemma-4-E2B-it,conceptual_abstract,0.16356,0.222141,0.215743,0.250649,0.328792,0.37727,0.564621,0.690369,0.812725,0.86981,0.125749,0.32485,0.420659,0.77994,77.47,20.0,668,
SFR-Embedding-Mistral__general__conceptual_abstract_only__gemma4-E2B__conceptual_abstract,SFR-Embedding-Mistral,Salesforce/SFR-Embedding-Mistral,general,conceptual_abstract_only,gemma4-E2B,google/gemma-4-E2B-it,conceptual_abstract,0.090399,0.146668,0.125653,0.1373,0.190294,0.224401,0.367116,0.503917,0.671332,0.763298,0.083832,0.202096,0.275449,0.60479,136.86,60.5,668,
SFR-Embedding-Mistral__general__fable_conceptual_abstract__gemma4-E2B__conceptual_abstract,SFR-Embedding-Mistral,Salesforce/SFR-Embedding-Mistral,general,fable_conceptual_abstract,gemma4-E2B,google/gemma-4-E2B-it,conceptual_abstract,0.193783,0.254945,0.243343,0.269561,0.344361,0.388772,0.556188,0.677595,0.805913,0.881761,0.169162,0.342814,0.431138,0.758982,79.15,18.5,668,
SFR-Embedding-Mistral__general__cot_proverb_fable__gemma4-E2B__cot_proverb,SFR-Embedding-Mistral,Salesforce/SFR-Embedding-Mistral,general,cot_proverb_fable,gemma4-E2B,google/gemma-4-E2B-it,cot_proverb,0.180855,0.244674,0.228574,0.244062,0.328543,0.391143,0.556213,0.666467,0.78488,0.878368,0.163174,0.317365,0.411677,0.758982,80.73,17.5,668,
SFR-Embedding-Mistral__general__cot_proverb_only__gemma4-E2B__cot_proverb,SFR-Embedding-Mistral,Salesforce/SFR-Embedding-Mistral,general,cot_proverb_only,gemma4-E2B,google/gemma-4-E2B-it,cot_proverb,0.104698,0.153224,0.134286,0.135604,0.190394,0.222355,0.375,0.479291,0.643463,0.775973,0.098802,0.188623,0.260479,0.591317,137.09,53.5,668,
SFR-Embedding-Mistral__general__fable_cot_proverb__gemma4-E2B__cot_proverb,SFR-Embedding-Mistral,Salesforce/SFR-Embedding-Mistral,general,fable_cot_proverb,gemma4-E2B,google/gemma-4-E2B-it,cot_proverb,0.19017,0.253326,0.241695,0.261751,0.34995,0.410679,0.564446,0.688498,0.807909,0.870434,0.163174,0.341317,0.443114,0.772455,78.88,15.0,668,
SFR-Embedding-Mistral__general__direct_moral_fable__gemma4-E2B__direct_moral,SFR-Embedding-Mistral,Salesforce/SFR-Embedding-Mistral,general,direct_moral_fable,gemma4-E2B,google/gemma-4-E2B-it,direct_moral,0.180144,0.244135,0.228963,0.255988,0.328044,0.371806,0.567764,0.692764,0.810504,0.872804,0.16018,0.327844,0.413174,0.77994,77.66,20.0,668,
SFR-Embedding-Mistral__general__direct_moral_only__gemma4-E2B__direct_moral,SFR-Embedding-Mistral,Salesforce/SFR-Embedding-Mistral,general,direct_moral_only,gemma4-E2B,google/gemma-4-E2B-it,direct_moral,0.119685,0.175563,0.158093,0.165619,0.236153,0.285354,0.465369,0.594286,0.712176,0.797605,0.10479,0.223054,0.312874,0.691617,116.0,32.5,668,
SFR-Embedding-Mistral__general__fable_direct_moral__gemma4-E2B__direct_moral,SFR-Embedding-Mistral,Salesforce/SFR-Embedding-Mistral,general,fable_direct_moral,gemma4-E2B,google/gemma-4-E2B-it,direct_moral,0.196584,0.263656,0.241007,0.261976,0.325724,0.388074,0.568613,0.708583,0.82006,0.885479,0.185629,0.329341,0.405689,0.788922,76.15,17.0,668,
SFR-Embedding-Mistral__general__fable_proverb__gemma4-E2B__proverb,SFR-Embedding-Mistral,Salesforce/SFR-Embedding-Mistral,general,fable_proverb,gemma4-E2B,google/gemma-4-E2B-it,proverb,0.183209,0.249884,0.230641,0.250898,0.325225,0.394486,0.561028,0.674501,0.796307,0.866567,0.167665,0.320359,0.408683,0.758982,82.11,17.0,668,
SFR-Embedding-Mistral__general__proverb_fable__gemma4-E2B__proverb,SFR-Embedding-Mistral,Salesforce/SFR-Embedding-Mistral,general,proverb_fable,gemma4-E2B,google/gemma-4-E2B-it,proverb,0.166884,0.23297,0.215703,0.244536,0.311727,0.362924,0.543488,0.676297,0.802545,0.874775,0.137725,0.323353,0.401198,0.767964,79.28,20.0,668,
SFR-Embedding-Mistral__general__proverb_only__gemma4-E2B__proverb,SFR-Embedding-Mistral,Salesforce/SFR-Embedding-Mistral,general,proverb_only,gemma4-E2B,google/gemma-4-E2B-it,proverb,0.003686,0.013096,0.006321,0.005988,0.012725,0.019711,0.067066,0.131786,0.272754,0.416567,0.001497,0.008982,0.019461,0.196108,314.95,292.0,668,
SFR-Embedding-Mistral__moral_specific__conceptual_abstract_fable__gemma4-E2B__conceptual_abstract,SFR-Embedding-Mistral,Salesforce/SFR-Embedding-Mistral,moral_specific,conceptual_abstract_fable,gemma4-E2B,google/gemma-4-E2B-it,conceptual_abstract,0.157262,0.229157,0.208056,0.221756,0.302645,0.350973,0.544835,0.641342,0.778443,0.848029,0.140719,0.314371,0.402695,0.726048,92.86,20.0,668,
SFR-Embedding-Mistral__moral_specific__conceptual_abstract_only__gemma4-E2B__conceptual_abstract,SFR-Embedding-Mistral,Salesforce/SFR-Embedding-Mistral,moral_specific,conceptual_abstract_only,gemma4-E2B,google/gemma-4-E2B-it,conceptual_abstract,0.054921,0.105529,0.080563,0.081038,0.122305,0.165893,0.323129,0.436876,0.589546,0.722829,0.056886,0.140719,0.202096,0.547904,161.28,78.5,668,
SFR-Embedding-Mistral__moral_specific__fable_conceptual_abstract__gemma4-E2B__conceptual_abstract,SFR-Embedding-Mistral,Salesforce/SFR-Embedding-Mistral,moral_specific,fable_conceptual_abstract,gemma4-E2B,google/gemma-4-E2B-it,conceptual_abstract,0.152159,0.227126,0.201044,0.211352,0.288099,0.341642,0.528219,0.643588,0.764022,0.85998,0.149701,0.296407,0.386228,0.72006,95.69,23.5,668,
SFR-Embedding-Mistral__moral_specific__cot_proverb_fable__gemma4-E2B__cot_proverb,SFR-Embedding-Mistral,Salesforce/SFR-Embedding-Mistral,moral_specific,cot_proverb_fable,gemma4-E2B,google/gemma-4-E2B-it,cot_proverb,0.162598,0.234187,0.210709,0.229965,0.298478,0.345983,0.51991,0.656836,0.789247,0.85978,0.152695,0.315868,0.393713,0.729042,93.53,25.0,668,
SFR-Embedding-Mistral__moral_specific__cot_proverb_only__gemma4-E2B__cot_proverb,SFR-Embedding-Mistral,Salesforce/SFR-Embedding-Mistral,moral_specific,cot_proverb_only,gemma4-E2B,google/gemma-4-E2B-it,cot_proverb,0.039116,0.065533,0.053825,0.054316,0.084581,0.100299,0.231238,0.364047,0.570559,0.704865,0.02994,0.079341,0.11976,0.474551,172.43,112.0,668,
SFR-Embedding-Mistral__moral_specific__fable_cot_proverb__gemma4-E2B__cot_proverb,SFR-Embedding-Mistral,Salesforce/SFR-Embedding-Mistral,moral_specific,fable_cot_proverb,gemma4-E2B,google/gemma-4-E2B-it,cot_proverb,0.150181,0.222065,0.197196,0.207161,0.283109,0.339596,0.527146,0.650749,0.785554,0.851023,0.140719,0.291916,0.381737,0.729042,95.42,24.0,668,
SFR-Embedding-Mistral__moral_specific__direct_moral_fable__gemma4-E2B__direct_moral,SFR-Embedding-Mistral,Salesforce/SFR-Embedding-Mistral,moral_specific,direct_moral_fable,gemma4-E2B,google/gemma-4-E2B-it,direct_moral,0.183242,0.263696,0.234902,0.248403,0.327919,0.373004,0.539097,0.662001,0.782884,0.87495,0.182635,0.341317,0.429641,0.741018,90.59,18.0,668,
SFR-Embedding-Mistral__moral_specific__direct_moral_only__gemma4-E2B__direct_moral,SFR-Embedding-Mistral,Salesforce/SFR-Embedding-Mistral,moral_specific,direct_moral_only,gemma4-E2B,google/gemma-4-E2B-it,direct_moral,0.073825,0.122936,0.106396,0.102819,0.170808,0.217066,0.377869,0.48982,0.662999,0.764721,0.05988,0.16018,0.252994,0.58982,139.14,57.0,668,
SFR-Embedding-Mistral__moral_specific__fable_direct_moral__gemma4-E2B__direct_moral,SFR-Embedding-Mistral,Salesforce/SFR-Embedding-Mistral,moral_specific,fable_direct_moral,gemma4-E2B,google/gemma-4-E2B-it,direct_moral,0.167147,0.241599,0.219279,0.235454,0.317265,0.368263,0.538847,0.640744,0.776597,0.857809,0.157186,0.326347,0.414671,0.715569,94.92,21.0,668,
SFR-Embedding-Mistral__moral_specific__fable_proverb__gemma4-E2B__proverb,SFR-Embedding-Mistral,Salesforce/SFR-Embedding-Mistral,moral_specific,fable_proverb,gemma4-E2B,google/gemma-4-E2B-it,proverb,0.132306,0.205051,0.175602,0.184731,0.250624,0.29758,0.47979,0.59002,0.74017,0.834581,0.136228,0.266467,0.341317,0.676647,110.87,32.0,668,
SFR-Embedding-Mistral__moral_specific__proverb_fable__gemma4-E2B__proverb,SFR-Embedding-Mistral,Salesforce/SFR-Embedding-Mistral,moral_specific,proverb_fable,gemma4-E2B,google/gemma-4-E2B-it,proverb,0.156063,0.230153,0.207343,0.22243,0.302445,0.350299,0.506687,0.620858,0.748628,0.836203,0.151198,0.314371,0.401198,0.700599,104.43,23.0,668,
SFR-Embedding-Mistral__moral_specific__proverb_only__gemma4-E2B__proverb,SFR-Embedding-Mistral,Salesforce/SFR-Embedding-Mistral,moral_specific,proverb_only,gemma4-E2B,google/gemma-4-E2B-it,proverb,0.003686,0.013096,0.006321,0.005988,0.012725,0.019711,0.067066,0.131786,0.272754,0.416567,0.001497,0.008982,0.019461,0.196108,314.95,292.0,668,
SFR-Embedding-Mistral__no_instr__conceptual_abstract_fable__gemma4-E2B__conceptual_abstract,SFR-Embedding-Mistral,Salesforce/SFR-Embedding-Mistral,no_instr,conceptual_abstract_fable,gemma4-E2B,google/gemma-4-E2B-it,conceptual_abstract,0.145821,0.198289,0.18984,0.207934,0.286427,0.331811,0.529042,0.638049,0.764296,0.854491,0.11976,0.267964,0.372754,0.726048,91.11,25.0,668,
SFR-Embedding-Mistral__no_instr__conceptual_abstract_only__gemma4-E2B__conceptual_abstract,SFR-Embedding-Mistral,Salesforce/SFR-Embedding-Mistral,no_instr,conceptual_abstract_only,gemma4-E2B,google/gemma-4-E2B-it,conceptual_abstract,0.083484,0.136771,0.114739,0.114122,0.17016,0.208857,0.349102,0.475175,0.62727,0.740893,0.076347,0.176647,0.254491,0.582335,153.96,68.0,668,
SFR-Embedding-Mistral__no_instr__fable_conceptual_abstract__gemma4-E2B__conceptual_abstract,SFR-Embedding-Mistral,Salesforce/SFR-Embedding-Mistral,no_instr,fable_conceptual_abstract,gemma4-E2B,google/gemma-4-E2B-it,conceptual_abstract,0.156674,0.209503,0.197117,0.210679,0.281537,0.333458,0.484431,0.632735,0.76013,0.856113,0.133234,0.275449,0.351796,0.717066,97.54,29.0,668,
SFR-Embedding-Mistral__no_instr__cot_proverb_fable__gemma4-E2B__cot_proverb,SFR-Embedding-Mistral,Salesforce/SFR-Embedding-Mistral,no_instr,cot_proverb_fable,gemma4-E2B,google/gemma-4-E2B-it,cot_proverb,0.165345,0.223518,0.205895,0.219037,0.288673,0.338024,0.500823,0.611302,0.760704,0.850125,0.152695,0.278443,0.366766,0.691617,94.98,27.0,668,
SFR-Embedding-Mistral__no_instr__cot_proverb_only__gemma4-E2B__cot_proverb,SFR-Embedding-Mistral,Salesforce/SFR-Embedding-Mistral,no_instr,cot_proverb_only,gemma4-E2B,google/gemma-4-E2B-it,cot_proverb,0.115167,0.165228,0.145646,0.154017,0.202445,0.240918,0.376198,0.484706,0.633708,0.756262,0.107784,0.211078,0.281437,0.58982,140.67,56.0,668,
SFR-Embedding-Mistral__no_instr__fable_cot_proverb__gemma4-E2B__cot_proverb,SFR-Embedding-Mistral,Salesforce/SFR-Embedding-Mistral,no_instr,fable_cot_proverb,gemma4-E2B,google/gemma-4-E2B-it,cot_proverb,0.162492,0.218329,0.20058,0.211577,0.273977,0.317091,0.505065,0.615145,0.764546,0.853094,0.143713,0.275449,0.348802,0.700599,97.27,30.0,668,
SFR-Embedding-Mistral__no_instr__direct_moral_fable__gemma4-E2B__direct_moral,SFR-Embedding-Mistral,Salesforce/SFR-Embedding-Mistral,no_instr,direct_moral_fable,gemma4-E2B,google/gemma-4-E2B-it,direct_moral,0.159549,0.219401,0.205865,0.219885,0.301123,0.333234,0.528194,0.649152,0.775973,0.860878,0.142216,0.282934,0.378743,0.733533,89.35,26.0,668,
SFR-Embedding-Mistral__no_instr__direct_moral_only__gemma4-E2B__direct_moral,SFR-Embedding-Mistral,Salesforce/SFR-Embedding-Mistral,no_instr,direct_moral_only,gemma4-E2B,google/gemma-4-E2B-it,direct_moral,0.117298,0.170881,0.156164,0.174601,0.235878,0.273528,0.436103,0.558658,0.711926,0.785978,0.103293,0.23503,0.312874,0.649701,123.87,39.0,668,
SFR-Embedding-Mistral__no_instr__fable_direct_moral__gemma4-E2B__direct_moral,SFR-Embedding-Mistral,Salesforce/SFR-Embedding-Mistral,no_instr,fable_direct_moral,gemma4-E2B,google/gemma-4-E2B-it,direct_moral,0.161909,0.219558,0.201961,0.22248,0.281387,0.315394,0.498977,0.639271,0.783408,0.858308,0.149701,0.282934,0.350299,0.723054,92.84,32.5,668,
SFR-Embedding-Mistral__no_instr__fable_proverb__gemma4-E2B__proverb,SFR-Embedding-Mistral,Salesforce/SFR-Embedding-Mistral,no_instr,fable_proverb,gemma4-E2B,google/gemma-4-E2B-it,proverb,0.154493,0.214096,0.19136,0.20978,0.259506,0.305763,0.466417,0.603917,0.744661,0.836302,0.148204,0.272455,0.329341,0.691617,103.29,37.0,668,
SFR-Embedding-Mistral__no_instr__proverb_fable__gemma4-E2B__proverb,SFR-Embedding-Mistral,Salesforce/SFR-Embedding-Mistral,no_instr,proverb_fable,gemma4-E2B,google/gemma-4-E2B-it,proverb,0.148843,0.213034,0.191836,0.213573,0.274925,0.328618,0.513124,0.668189,0.795259,0.8752,0.139222,0.287425,0.356287,0.755988,83.97,28.0,668,
SFR-Embedding-Mistral__no_instr__proverb_only__gemma4-E2B__proverb,SFR-Embedding-Mistral,Salesforce/SFR-Embedding-Mistral,no_instr,proverb_only,gemma4-E2B,google/gemma-4-E2B-it,proverb,0.003686,0.013096,0.006321,0.005988,0.012725,0.019711,0.067066,0.131786,0.272754,0.416567,0.001497,0.008982,0.019461,0.196108,314.95,292.0,668,
SFR-Embedding-Mistral__general__conceptual_abstract_fable__gemma4-E4B__conceptual_abstract,SFR-Embedding-Mistral,Salesforce/SFR-Embedding-Mistral,general,conceptual_abstract_fable,gemma4-E4B,google/gemma-4-E4B-it,conceptual_abstract,0.198034,0.270645,0.250956,0.272754,0.354341,0.410953,0.60494,0.723478,0.832285,0.887675,0.181138,0.359281,0.452096,0.805389,70.6,15.0,668,
SFR-Embedding-Mistral__general__conceptual_abstract_only__gemma4-E4B__conceptual_abstract,SFR-Embedding-Mistral,Salesforce/SFR-Embedding-Mistral,general,conceptual_abstract_only,gemma4-E4B,google/gemma-4-E4B-it,conceptual_abstract,0.120563,0.177776,0.160198,0.170908,0.237001,0.264197,0.4252,0.527969,0.691991,0.799501,0.112275,0.239521,0.323353,0.621257,128.88,45.0,668,
SFR-Embedding-Mistral__general__fable_conceptual_abstract__gemma4-E4B__conceptual_abstract,SFR-Embedding-Mistral,Salesforce/SFR-Embedding-Mistral,general,fable_conceptual_abstract,gemma4-E4B,google/gemma-4-E4B-it,conceptual_abstract,0.208003,0.278931,0.259167,0.285155,0.356886,0.411826,0.588074,0.713448,0.83004,0.892091,0.19012,0.371257,0.456587,0.788922,72.09,15.0,668,
SFR-Embedding-Mistral__general__cot_proverb_fable__gemma4-E4B__cot_proverb,SFR-Embedding-Mistral,Salesforce/SFR-Embedding-Mistral,general,cot_proverb_fable,gemma4-E4B,google/gemma-4-E4B-it,cot_proverb,0.16874,0.223221,0.215868,0.24229,0.316567,0.371208,0.548453,0.680215,0.813473,0.873054,0.136228,0.30988,0.398204,0.758982,81.07,23.0,668,
SFR-Embedding-Mistral__general__cot_proverb_only__gemma4-E4B__cot_proverb,SFR-Embedding-Mistral,Salesforce/SFR-Embedding-Mistral,general,cot_proverb_only,gemma4-E4B,google/gemma-4-E4B-it,cot_proverb,0.070569,0.110598,0.095055,0.098728,0.140993,0.168214,0.304017,0.417066,0.573353,0.696133,0.058383,0.14521,0.202096,0.51497,172.64,90.5,668,
SFR-Embedding-Mistral__general__fable_cot_proverb__gemma4-E4B__cot_proverb,SFR-Embedding-Mistral,Salesforce/SFR-Embedding-Mistral,general,fable_cot_proverb,gemma4-E4B,google/gemma-4-E4B-it,cot_proverb,0.183087,0.243256,0.233006,0.261477,0.338698,0.390045,0.567889,0.675798,0.820409,0.877345,0.149701,0.330838,0.423653,0.75,79.62,19.0,668,
SFR-Embedding-Mistral__general__direct_moral_fable__gemma4-E4B__direct_moral,SFR-Embedding-Mistral,Salesforce/SFR-Embedding-Mistral,general,direct_moral_fable,gemma4-E4B,google/gemma-4-E4B-it,direct_moral,0.195218,0.258986,0.247975,0.261677,0.36013,0.417515,0.597879,0.718588,0.816866,0.885554,0.170659,0.33982,0.449102,0.793413,72.47,14.0,668,
SFR-Embedding-Mistral__general__direct_moral_only__gemma4-E4B__direct_moral,SFR-Embedding-Mistral,Salesforce/SFR-Embedding-Mistral,general,direct_moral_only,gemma4-E4B,google/gemma-4-E4B-it,direct_moral,0.160561,0.208652,0.199755,0.201148,0.28493,0.330514,0.466218,0.605863,0.763398,0.836901,0.143713,0.254491,0.347305,0.69012,105.3,34.5,668,
SFR-Embedding-Mistral__general__fable_direct_moral__gemma4-E4B__direct_moral,SFR-Embedding-Mistral,Salesforce/SFR-Embedding-Mistral,general,fable_direct_moral,gemma4-E4B,google/gemma-4-E4B-it,direct_moral,0.202788,0.269787,0.252445,0.277695,0.353318,0.413648,0.608832,0.71477,0.823852,0.892166,0.188623,0.35479,0.432635,0.788922,72.99,15.5,668,
SFR-Embedding-Mistral__general__fable_proverb__gemma4-E4B__proverb,SFR-Embedding-Mistral,Salesforce/SFR-Embedding-Mistral,general,fable_proverb,gemma4-E4B,google/gemma-4-E4B-it,proverb,0.183209,0.249884,0.230641,0.250898,0.325225,0.394486,0.561028,0.674501,0.796307,0.866567,0.167665,0.320359,0.408683,0.758982,82.11,17.0,668,
SFR-Embedding-Mistral__general__proverb_fable__gemma4-E4B__proverb,SFR-Embedding-Mistral,Salesforce/SFR-Embedding-Mistral,general,proverb_fable,gemma4-E4B,google/gemma-4-E4B-it,proverb,0.166884,0.23297,0.215703,0.244536,0.311727,0.362924,0.543488,0.676297,0.802545,0.874775,0.137725,0.323353,0.401198,0.767964,79.28,20.0,668,
SFR-Embedding-Mistral__general__proverb_only__gemma4-E4B__proverb,SFR-Embedding-Mistral,Salesforce/SFR-Embedding-Mistral,general,proverb_only,gemma4-E4B,google/gemma-4-E4B-it,proverb,0.003686,0.013096,0.006321,0.005988,0.012725,0.019711,0.067066,0.131786,0.272754,0.416567,0.001497,0.008982,0.019461,0.196108,314.95,292.0,668,
SFR-Embedding-Mistral__moral_specific__conceptual_abstract_fable__gemma4-E4B__conceptual_abstract,SFR-Embedding-Mistral,Salesforce/SFR-Embedding-Mistral,moral_specific,conceptual_abstract_fable,gemma4-E4B,google/gemma-4-E4B-it,conceptual_abstract,0.172236,0.250198,0.226452,0.236402,0.329915,0.376297,0.545958,0.660579,0.794361,0.868962,0.166168,0.327844,0.435629,0.741018,89.77,18.0,668,
SFR-Embedding-Mistral__moral_specific__conceptual_abstract_only__gemma4-E4B__conceptual_abstract,SFR-Embedding-Mistral,Salesforce/SFR-Embedding-Mistral,moral_specific,conceptual_abstract_only,gemma4-E4B,google/gemma-4-E4B-it,conceptual_abstract,0.083023,0.14,0.116554,0.119012,0.178144,0.206537,0.352894,0.474925,0.626846,0.747056,0.085329,0.178144,0.248503,0.568862,149.42,68.0,668,
SFR-Embedding-Mistral__moral_specific__fable_conceptual_abstract__gemma4-E4B__conceptual_abstract,SFR-Embedding-Mistral,Salesforce/SFR-Embedding-Mistral,moral_specific,fable_conceptual_abstract,gemma4-E4B,google/gemma-4-E4B-it,conceptual_abstract,0.166738,0.242177,0.217848,0.228368,0.308558,0.364496,0.537176,0.668962,0.790444,0.862824,0.161677,0.332335,0.413174,0.739521,90.51,20.5,668,
SFR-Embedding-Mistral__moral_specific__cot_proverb_fable__gemma4-E4B__cot_proverb,SFR-Embedding-Mistral,Salesforce/SFR-Embedding-Mistral,moral_specific,cot_proverb_fable,gemma4-E4B,google/gemma-4-E4B-it,cot_proverb,0.16556,0.23055,0.218826,0.229765,0.32485,0.366841,0.537725,0.628792,0.777021,0.856612,0.142216,0.317365,0.419162,0.699102,96.17,19.5,668,
SFR-Embedding-Mistral__moral_specific__cot_proverb_only__gemma4-E4B__cot_proverb,SFR-Embedding-Mistral,Salesforce/SFR-Embedding-Mistral,moral_specific,cot_proverb_only,gemma4-E4B,google/gemma-4-E4B-it,cot_proverb,0.062986,0.103896,0.085795,0.093937,0.126372,0.164596,0.281662,0.385803,0.558857,0.676372,0.052395,0.143713,0.188623,0.483533,180.73,107.5,668,
SFR-Embedding-Mistral__moral_specific__fable_cot_proverb__gemma4-E4B__cot_proverb,SFR-Embedding-Mistral,Salesforce/SFR-Embedding-Mistral,moral_specific,fable_cot_proverb,gemma4-E4B,google/gemma-4-E4B-it,cot_proverb,0.154405,0.215392,0.202428,0.222505,0.297655,0.338298,0.529815,0.648752,0.768413,0.861727,0.128743,0.302395,0.389222,0.72006,96.41,26.5,668,
SFR-Embedding-Mistral__moral_specific__direct_moral_fable__gemma4-E4B__direct_moral,SFR-Embedding-Mistral,Salesforce/SFR-Embedding-Mistral,moral_specific,direct_moral_fable,gemma4-E4B,google/gemma-4-E4B-it,direct_moral,0.19194,0.266165,0.243682,0.252021,0.338423,0.395035,0.548777,0.675773,0.807111,0.869112,0.184132,0.338323,0.44012,0.748503,87.51,17.5,668,
SFR-Embedding-Mistral__moral_specific__direct_moral_only__gemma4-E4B__direct_moral,SFR-Embedding-Mistral,Salesforce/SFR-Embedding-Mistral,moral_specific,direct_moral_only,gemma4-E4B,google/gemma-4-E4B-it,direct_moral,0.101508,0.139533,0.135242,0.153019,0.211427,0.263448,0.42016,0.560304,0.70771,0.782485,0.079341,0.202096,0.263473,0.646707,124.19,47.0,668,
SFR-Embedding-Mistral__moral_specific__fable_direct_moral__gemma4-E4B__direct_moral,SFR-Embedding-Mistral,Salesforce/SFR-Embedding-Mistral,moral_specific,fable_direct_moral,gemma4-E4B,google/gemma-4-E4B-it,direct_moral,0.170845,0.238966,0.220221,0.233733,0.312226,0.363673,0.539396,0.669137,0.805963,0.880115,0.155689,0.323353,0.41018,0.736527,89.09,23.0,668,
SFR-Embedding-Mistral__moral_specific__fable_proverb__gemma4-E4B__proverb,SFR-Embedding-Mistral,Salesforce/SFR-Embedding-Mistral,moral_specific,fable_proverb,gemma4-E4B,google/gemma-4-E4B-it,proverb,0.132306,0.205051,0.175602,0.184731,0.250624,0.29758,0.47979,0.59002,0.74017,0.834581,0.136228,0.266467,0.341317,0.676647,110.87,32.0,668,
SFR-Embedding-Mistral__moral_specific__proverb_fable__gemma4-E4B__proverb,SFR-Embedding-Mistral,Salesforce/SFR-Embedding-Mistral,moral_specific,proverb_fable,gemma4-E4B,google/gemma-4-E4B-it,proverb,0.156063,0.230153,0.207343,0.22243,0.302445,0.350299,0.506687,0.620858,0.748628,0.836203,0.151198,0.314371,0.401198,0.700599,104.43,23.0,668,
SFR-Embedding-Mistral__moral_specific__proverb_only__gemma4-E4B__proverb,SFR-Embedding-Mistral,Salesforce/SFR-Embedding-Mistral,moral_specific,proverb_only,gemma4-E4B,google/gemma-4-E4B-it,proverb,0.003686,0.013096,0.006321,0.005988,0.012725,0.019711,0.067066,0.131786,0.272754,0.416567,0.001497,0.008982,0.019461,0.196108,314.95,292.0,668,
SFR-Embedding-Mistral__no_instr__conceptual_abstract_fable__gemma4-E4B__conceptual_abstract,SFR-Embedding-Mistral,Salesforce/SFR-Embedding-Mistral,no_instr,conceptual_abstract_fable,gemma4-E4B,google/gemma-4-E4B-it,conceptual_abstract,0.179191,0.246699,0.226575,0.23977,0.318413,0.365045,0.533683,0.662101,0.800549,0.861552,0.167665,0.317365,0.408683,0.754491,83.16,20.0,668,
SFR-Embedding-Mistral__no_instr__conceptual_abstract_only__gemma4-E4B__conceptual_abstract,SFR-Embedding-Mistral,Salesforce/SFR-Embedding-Mistral,no_instr,conceptual_abstract_only,gemma4-E4B,google/gemma-4-E4B-it,conceptual_abstract,0.112308,0.17135,0.151995,0.151597,0.225998,0.267914,0.406786,0.521931,0.661178,0.776522,0.100299,0.215569,0.311377,0.61976,135.54,46.0,668,
SFR-Embedding-Mistral__no_instr__fable_conceptual_abstract__gemma4-E4B__conceptual_abstract,SFR-Embedding-Mistral,Salesforce/SFR-Embedding-Mistral,no_instr,fable_conceptual_abstract,gemma4-E4B,google/gemma-4-E4B-it,conceptual_abstract,0.179369,0.241949,0.22274,0.255015,0.305913,0.3501,0.507984,0.639222,0.779067,0.86482,0.16018,0.32485,0.386228,0.723054,90.09,23.0,668,
SFR-Embedding-Mistral__no_instr__cot_proverb_fable__gemma4-E4B__cot_proverb,SFR-Embedding-Mistral,Salesforce/SFR-Embedding-Mistral,no_instr,cot_proverb_fable,gemma4-E4B,google/gemma-4-E4B-it,cot_proverb,0.151963,0.20806,0.193309,0.198703,0.278169,0.322156,0.507735,0.635529,0.78004,0.86502,0.136228,0.260479,0.351796,0.711078,91.12,31.0,668,
SFR-Embedding-Mistral__no_instr__cot_proverb_only__gemma4-E4B__cot_proverb,SFR-Embedding-Mistral,Salesforce/SFR-Embedding-Mistral,no_instr,cot_proverb_only,gemma4-E4B,google/gemma-4-E4B-it,cot_proverb,0.0744,0.115716,0.101652,0.110429,0.155389,0.175324,0.318738,0.417789,0.586577,0.698553,0.056886,0.163174,0.217066,0.51497,169.94,92.0,668,
SFR-Embedding-Mistral__no_instr__fable_cot_proverb__gemma4-E4B__cot_proverb,SFR-Embedding-Mistral,Salesforce/SFR-Embedding-Mistral,no_instr,fable_cot_proverb,gemma4-E4B,google/gemma-4-E4B-it,cot_proverb,0.156361,0.210969,0.198183,0.221332,0.283857,0.323628,0.491866,0.621008,0.763323,0.85761,0.136228,0.284431,0.359281,0.703593,96.72,34.5,668,
SFR-Embedding-Mistral__no_instr__direct_moral_fable__gemma4-E4B__direct_moral,SFR-Embedding-Mistral,Salesforce/SFR-Embedding-Mistral,no_instr,direct_moral_fable,gemma4-E4B,google/gemma-4-E4B-it,direct_moral,0.175317,0.237447,0.221766,0.23513,0.317016,0.367191,0.545958,0.672206,0.80232,0.871257,0.16018,0.305389,0.396707,0.754491,84.78,24.0,668,
SFR-Embedding-Mistral__no_instr__direct_moral_only__gemma4-E4B__direct_moral,SFR-Embedding-Mistral,Salesforce/SFR-Embedding-Mistral,no_instr,direct_moral_only,gemma4-E4B,google/gemma-4-E4B-it,direct_moral,0.152747,0.200596,0.188773,0.206163,0.259905,0.294087,0.4623,0.586352,0.741492,0.824276,0.133234,0.267964,0.329341,0.678144,111.79,36.5,668,
SFR-Embedding-Mistral__no_instr__fable_direct_moral__gemma4-E4B__direct_moral,SFR-Embedding-Mistral,Salesforce/SFR-Embedding-Mistral,no_instr,fable_direct_moral,gemma4-E4B,google/gemma-4-E4B-it,direct_moral,0.171365,0.229996,0.214298,0.239346,0.303892,0.35015,0.513174,0.646856,0.775549,0.867515,0.154192,0.302395,0.36976,0.721557,91.35,27.0,668,
SFR-Embedding-Mistral__no_instr__fable_proverb__gemma4-E4B__proverb,SFR-Embedding-Mistral,Salesforce/SFR-Embedding-Mistral,no_instr,fable_proverb,gemma4-E4B,google/gemma-4-E4B-it,proverb,0.154493,0.214096,0.19136,0.20978,0.259506,0.305763,0.466417,0.603917,0.744661,0.836302,0.148204,0.272455,0.329341,0.691617,103.29,37.0,668,
SFR-Embedding-Mistral__no_instr__proverb_fable__gemma4-E4B__proverb,SFR-Embedding-Mistral,Salesforce/SFR-Embedding-Mistral,no_instr,proverb_fable,gemma4-E4B,google/gemma-4-E4B-it,proverb,0.148843,0.213034,0.191836,0.213573,0.274925,0.328618,0.513124,0.668189,0.795259,0.8752,0.139222,0.287425,0.356287,0.755988,83.97,28.0,668,
SFR-Embedding-Mistral__no_instr__proverb_only__gemma4-E4B__proverb,SFR-Embedding-Mistral,Salesforce/SFR-Embedding-Mistral,no_instr,proverb_only,gemma4-E4B,google/gemma-4-E4B-it,proverb,0.003686,0.013096,0.006321,0.005988,0.012725,0.019711,0.067066,0.131786,0.272754,0.416567,0.001497,0.008982,0.019461,0.196108,314.95,292.0,668,
