model_alias,model_id,experiment_id,run_id,status,training_data,n_train,train_doc_mode,eval_doc_mode,corpus_config,summary_generator,summary_prompt_variant,folds,epochs,batch_size,gradient_accumulation_steps,learning_rate,temperature,max_seq_length,lora_r,lora_alpha,lora_dropout,fn_mask_threshold,hard_negative_config,query_instruction_variant_original,query_instruction_text,old_eval_n,old_mrr_at_10,old_r_at_1,old_r_at_5,old_r_at_10,artifact_available,can_recalculate_from_artifact,needs_eval_rerun,needs_cluster_aware_retrain,needs_training_rerun,next_action,notes,source_file
BGE-base-en-v1.5,BAAI/bge-base-en-v1.5,ft_00,baseline_before_overfit,completed,MORABLES same-data sanity,709,raw,raw,raw,,,none,30,64,1,2e-05,,,,,,,,no_instr,,709,0.063400,0.031030,0.081805,0.112835,model_and_embeddings_local,yes_diagnostic,no,no,no,Do not use as benchmark; sanity only.,Baseline before intentional overfit sanity check.,finetuning/ft_00_overfit/results/2026-04-06_12-43-03_raw.json
BGE-base-en-v1.5,BAAI/bge-base-en-v1.5,ft_00,trained_overfit_same_709,completed,MORABLES same-data sanity,709,raw,raw,raw,,,none,30,64,1,2e-05,,,,,,,,no_instr,,709,0.973554,0.949224,1.000000,1.000000,model_and_embeddings_local,yes_diagnostic,no,no,no,Do not use as benchmark; sanity only.,Intentional same-data overfit sanity check; not a valid benchmark result.,finetuning/ft_00_overfit/results/2026-04-06_12-43-03_raw.json
BGE-base-en-v1.5,BAAI/bge-base-en-v1.5,ft_01,2026-04-06_14-25-34_raw_all_folds,completed,MORABLES,709,raw,raw,raw,,,5,30,32,1,2e-05,,,,,,,,no_instr,,709,0.122500,0.067701,0.157969,0.221439,fold_models_and_embeddings_local,partial_old_folds_only,yes,yes,yes_for_official_clustered_cv,Use as BGE control only if we rerun cluster-aware folds.,,finetuning/ft_01_5fold_cv/results/2026-04-06_14-25-34_raw_all_folds.json
BGE-base-en-v1.5,BAAI/bge-base-en-v1.5,ft_05,ratio_0_fold0,completed_fold0,MORABLES+STORAL_0,fold_train_plus_0,fable_plus_summary,fable_plus_summary,fable_plus_summary,,,1,15,32,1,2e-05,0.05,,,,,,,no_instr,,fold0,0.277371,,,,fold0_model_and_embeddings_local,partial_fold0_only,yes,yes_if_kept,yes_for_full_cv,Superseded by FT07 unless BGE mixing control is needed.,STORAL ratio sweep; fold0 only.,finetuning/ft_05_mixing_ratio/results/2026-04-24_12-24-34_mixing_ratio_fold0.json
BGE-base-en-v1.5,BAAI/bge-base-en-v1.5,ft_05,ratio_1000_fold0,completed_fold0,MORABLES+STORAL_1000,fold_train_plus_1000,fable_plus_summary,fable_plus_summary,fable_plus_summary,,,1,15,32,1,2e-05,0.05,,,,,,,no_instr,,fold0,0.273979,,,,fold0_model_and_embeddings_local,partial_fold0_only,yes,yes_if_kept,yes_for_full_cv,Superseded by FT07 unless BGE mixing control is needed.,STORAL ratio sweep; fold0 only.,finetuning/ft_05_mixing_ratio/results/2026-04-24_12-24-34_mixing_ratio_fold0.json
BGE-base-en-v1.5,BAAI/bge-base-en-v1.5,ft_05,ratio_1675_fold0,completed_fold0,MORABLES+STORAL_1675,fold_train_plus_1675,fable_plus_summary,fable_plus_summary,fable_plus_summary,,,1,15,32,1,2e-05,0.05,,,,,,,no_instr,,fold0,0.273961,,,,fold0_model_and_embeddings_local,partial_fold0_only,yes,yes_if_kept,yes_for_full_cv,Superseded by FT07 unless BGE mixing control is needed.,STORAL ratio sweep; fold0 only.,finetuning/ft_05_mixing_ratio/results/2026-04-24_12-24-34_mixing_ratio_fold0.json
BGE-base-en-v1.5,BAAI/bge-base-en-v1.5,ft_05,ratio_200_fold0,completed_fold0,MORABLES+STORAL_200,fold_train_plus_200,fable_plus_summary,fable_plus_summary,fable_plus_summary,,,1,15,32,1,2e-05,0.05,,,,,,,no_instr,,fold0,0.287210,,,,fold0_model_and_embeddings_local,partial_fold0_only,yes,yes_if_kept,yes_for_full_cv,Superseded by FT07 unless BGE mixing control is needed.,STORAL ratio sweep; fold0 only.,finetuning/ft_05_mixing_ratio/results/2026-04-24_12-24-34_mixing_ratio_fold0.json
BGE-base-en-v1.5,BAAI/bge-base-en-v1.5,ft_05,ratio_500_fold0,completed_fold0,MORABLES+STORAL_500,fold_train_plus_500,fable_plus_summary,fable_plus_summary,fable_plus_summary,,,1,15,32,1,2e-05,0.05,,,,,,,no_instr,,fold0,0.277694,,,,fold0_model_and_embeddings_local,partial_fold0_only,yes,yes_if_kept,yes_for_full_cv,Superseded by FT07 unless BGE mixing control is needed.,STORAL ratio sweep; fold0 only.,finetuning/ft_05_mixing_ratio/results/2026-04-24_12-24-34_mixing_ratio_fold0.json
BGE-base-en-v1.5,BAAI/bge-base-en-v1.5,ft_07,2026-04-29_09-49-00_bge_s1000__fable_plus_summary,completed,STORAL_s1000,1000,STORAL_stories,fable_plus_summary,fable_plus_summary,,,none_external_transfer,10,32,1,2e-05,0.05,512,,,,,,no_instr,,709,0.255840,0.166432,0.354020,0.431594,result_json_only,no,yes,no,no_if_weights_available,Prioritize Linq s500 and Qwen3 sfull/s500 for clustered external-transfer eval.,"length_range=[30, 300]; external STORAL transfer.",finetuning/ft_07_storal_transfer/results/2026-04-29_09-49-00_bge_s1000.json
BGE-base-en-v1.5,BAAI/bge-base-en-v1.5,ft_07,2026-04-29_09-49-00_bge_s1000__raw,completed,STORAL_s1000,1000,STORAL_stories,raw,raw,,,none_external_transfer,10,32,1,2e-05,0.05,512,,,,,,no_instr,,709,0.145982,0.086037,0.187588,0.252468,result_json_only,no,yes,no,no_if_weights_available,Prioritize Linq s500 and Qwen3 sfull/s500 for clustered external-transfer eval.,"length_range=[30, 300]; external STORAL transfer.",finetuning/ft_07_storal_transfer/results/2026-04-29_09-49-00_bge_s1000.json
BGE-base-en-v1.5,BAAI/bge-base-en-v1.5,ft_07,2026-04-29_09-46-38_bge_s500__fable_plus_summary,completed,STORAL_s500,500,STORAL_stories,fable_plus_summary,fable_plus_summary,,,none_external_transfer,10,32,1,2e-05,0.05,512,,,,,,no_instr,,709,0.255038,0.170663,0.345557,0.433004,result_json_only,no,yes,no,no_if_weights_available,Prioritize Linq s500 and Qwen3 sfull/s500 for clustered external-transfer eval.,"length_range=[56, 195]; external STORAL transfer.",finetuning/ft_07_storal_transfer/results/2026-04-29_09-46-38_bge_s500.json
BGE-base-en-v1.5,BAAI/bge-base-en-v1.5,ft_07,2026-04-29_09-46-38_bge_s500__raw,completed,STORAL_s500,500,STORAL_stories,raw,raw,,,none_external_transfer,10,32,1,2e-05,0.05,512,,,,,,no_instr,,709,0.127279,0.063470,0.177715,0.249647,result_json_only,no,yes,no,no_if_weights_available,Prioritize Linq s500 and Qwen3 sfull/s500 for clustered external-transfer eval.,"length_range=[56, 195]; external STORAL transfer.",finetuning/ft_07_storal_transfer/results/2026-04-29_09-46-38_bge_s500.json
BGE-base-en-v1.5,BAAI/bge-base-en-v1.5,ft_07,2026-04-29_09-52-50_bge_sfull__fable_plus_summary,completed,STORAL_sfull,1675,STORAL_stories,fable_plus_summary,fable_plus_summary,,,none_external_transfer,10,32,1,2e-05,0.05,512,,,,,,no_instr,,709,0.260304,0.172073,0.351199,0.417489,result_json_only,no,yes,no,no_if_weights_available,Prioritize Linq s500 and Qwen3 sfull/s500 for clustered external-transfer eval.,length_range=None; external STORAL transfer.,finetuning/ft_07_storal_transfer/results/2026-04-29_09-52-50_bge_sfull.json
BGE-base-en-v1.5,BAAI/bge-base-en-v1.5,ft_07,2026-04-29_09-52-50_bge_sfull__raw,completed,STORAL_sfull,1675,STORAL_stories,raw,raw,,,none_external_transfer,10,32,1,2e-05,0.05,512,,,,,,no_instr,,709,0.149021,0.090268,0.194640,0.258110,result_json_only,no,yes,no,no_if_weights_available,Prioritize Linq s500 and Qwen3 sfull/s500 for clustered external-transfer eval.,length_range=None; external STORAL transfer.,finetuning/ft_07_storal_transfer/results/2026-04-29_09-52-50_bge_sfull.json
BGE-M3,BAAI/bge-m3,ft_10_option_a,option_a_original_results__BGE-M3__gemini/conceptual_abstract/fable+summary,completed,IdioLink,440,IdioLink_triplets,fable_summary,gemini/conceptual_abstract/fable+summary,gemini,conceptual_abstract,none_external_transfer,10,32,1,2e-05,,512,,,,,,model_default_or_prefix,,709,0.233100,0.149500,0.314500,,csv_metrics_model_incomplete,no,yes,no,no_if_weights_available_else_yes,Do not prioritize unless IdioLink transfer becomes a main comparison.,zero_shot_MRR=0.2636; delta=-0.0305; source column=original_ft_MRR@10,finetuning/ft_10_idiolink_transfer/option_a_zero_shot/results/option_a_original_results.csv
BGE-M3,BAAI/bge-m3,ft_10_option_a,option_a_original_results__BGE-M3__gemini/cot_proverb/fable+summary,completed,IdioLink,440,IdioLink_triplets,fable_summary,gemini/cot_proverb/fable+summary,gemini,cot_proverb,none_external_transfer,10,32,1,2e-05,,512,,,,,,model_default_or_prefix,,709,0.230900,0.148100,0.307500,,csv_metrics_model_incomplete,no,yes,no,no_if_weights_available_else_yes,Do not prioritize unless IdioLink transfer becomes a main comparison.,zero_shot_MRR=0.2574; delta=-0.0265; source column=original_ft_MRR@10,finetuning/ft_10_idiolink_transfer/option_a_zero_shot/results/option_a_original_results.csv
BGE-M3,BAAI/bge-m3,ft_10_option_a,option_a_original_results__BGE-M3__gemini/direct_moral/fable+summary,completed,IdioLink,440,IdioLink_triplets,fable_summary,gemini/direct_moral/fable+summary,gemini,direct_moral,none_external_transfer,10,32,1,2e-05,,512,,,,,,model_default_or_prefix,,709,0.229000,0.143900,0.315900,,csv_metrics_model_incomplete,no,yes,no,no_if_weights_available_else_yes,Do not prioritize unless IdioLink transfer becomes a main comparison.,zero_shot_MRR=0.2494; delta=-0.0204; source column=original_ft_MRR@10,finetuning/ft_10_idiolink_transfer/option_a_zero_shot/results/option_a_original_results.csv
BGE-M3,BAAI/bge-m3,ft_10_option_a,option_a_original_results__BGE-M3__gemma4-31B/conceptual_abstract/fable+summary,completed,IdioLink,440,IdioLink_triplets,fable_summary,gemma4-31B/conceptual_abstract/fable+summary,gemma4-31B,conceptual_abstract,none_external_transfer,10,32,1,2e-05,,512,,,,,,model_default_or_prefix,,709,,,,,csv_metrics_model_incomplete,no,yes,no,no_if_weights_available_else_yes,Do not prioritize unless IdioLink transfer becomes a main comparison.,zero_shot_MRR=; delta=; source column=original_ft_MRR@10,finetuning/ft_10_idiolink_transfer/option_a_zero_shot/results/option_a_original_results.csv
BGE-M3,BAAI/bge-m3,ft_10_option_a,option_a_original_results__BGE-M3__gemma4-E2B/direct_moral/fable+summary,completed,IdioLink,440,IdioLink_triplets,fable_summary,gemma4-E2B/direct_moral/fable+summary,gemma4-E2B,direct_moral,none_external_transfer,10,32,1,2e-05,,512,,,,,,model_default_or_prefix,,709,,,,,csv_metrics_model_incomplete,no,yes,no,no_if_weights_available_else_yes,Do not prioritize unless IdioLink transfer becomes a main comparison.,zero_shot_MRR=; delta=; source column=original_ft_MRR@10,finetuning/ft_10_idiolink_transfer/option_a_zero_shot/results/option_a_original_results.csv
BGE-M3,BAAI/bge-m3,ft_10_option_a,option_a_original_results__BGE-M3__gemma4-E4B/thinking_direct_moral/fable+summary,completed,IdioLink,440,IdioLink_triplets,fable_summary,gemma4-E4B/thinking_direct_moral/fable+summary,gemma4-E4B,thinking_direct_moral,none_external_transfer,10,32,1,2e-05,,512,,,,,,model_default_or_prefix,,709,,,,,csv_metrics_model_incomplete,no,yes,no,no_if_weights_available_else_yes,Do not prioritize unless IdioLink transfer becomes a main comparison.,zero_shot_MRR=; delta=; source column=original_ft_MRR@10,finetuning/ft_10_idiolink_transfer/option_a_zero_shot/results/option_a_original_results.csv
BGE-M3,BAAI/bge-m3,ft_10_option_a,option_a_results__BGE-M3__gemini/conceptual_abstract/fable+summary,completed,IdioLink,440,IdioLink_triplets,fable_summary,gemini/conceptual_abstract/fable+summary,gemini,conceptual_abstract,none_external_transfer,10,32,1,2e-05,,512,,,,,,model_default_or_prefix,,709,0.256000,0.172100,0.328600,,csv_metrics_model_incomplete,no,yes,no,no_if_weights_available_else_yes,Do not prioritize unless IdioLink transfer becomes a main comparison.,zero_shot_MRR=0.2636; delta=-0.0076; source column=idiolink_ft_MRR@10,finetuning/ft_10_idiolink_transfer/option_a_zero_shot/results/option_a_results.csv
BGE-M3,BAAI/bge-m3,ft_10_option_a,option_a_results__BGE-M3__gemini/cot_proverb/fable+summary,completed,IdioLink,440,IdioLink_triplets,fable_summary,gemini/cot_proverb/fable+summary,gemini,cot_proverb,none_external_transfer,10,32,1,2e-05,,512,,,,,,model_default_or_prefix,,709,0.252100,0.170700,0.332900,,csv_metrics_model_incomplete,no,yes,no,no_if_weights_available_else_yes,Do not prioritize unless IdioLink transfer becomes a main comparison.,zero_shot_MRR=0.2574; delta=-0.0053; source column=idiolink_ft_MRR@10,finetuning/ft_10_idiolink_transfer/option_a_zero_shot/results/option_a_results.csv
BGE-M3,BAAI/bge-m3,ft_10_option_a,option_a_results__BGE-M3__gemini/direct_moral/fable+summary,completed,IdioLink,440,IdioLink_triplets,fable_summary,gemini/direct_moral/fable+summary,gemini,direct_moral,none_external_transfer,10,32,1,2e-05,,512,,,,,,model_default_or_prefix,,709,0.251200,0.163600,0.339900,,csv_metrics_model_incomplete,no,yes,no,no_if_weights_available_else_yes,Do not prioritize unless IdioLink transfer becomes a main comparison.,zero_shot_MRR=0.2494; delta=+0.0018; source column=idiolink_ft_MRR@10,finetuning/ft_10_idiolink_transfer/option_a_zero_shot/results/option_a_results.csv
BGE-M3,BAAI/bge-m3,ft_10_option_a,option_a_results__BGE-M3__gemma4-31B/conceptual_abstract/fable+summary,completed,IdioLink,440,IdioLink_triplets,fable_summary,gemma4-31B/conceptual_abstract/fable+summary,gemma4-31B,conceptual_abstract,none_external_transfer,10,32,1,2e-05,,512,,,,,,model_default_or_prefix,,709,,,,,csv_metrics_model_incomplete,no,yes,no,no_if_weights_available_else_yes,Do not prioritize unless IdioLink transfer becomes a main comparison.,zero_shot_MRR=; delta=; source column=idiolink_ft_MRR@10,finetuning/ft_10_idiolink_transfer/option_a_zero_shot/results/option_a_results.csv
BGE-M3,BAAI/bge-m3,ft_10_option_a,option_a_results__BGE-M3__gemma4-E2B/direct_moral/fable+summary,completed,IdioLink,440,IdioLink_triplets,fable_summary,gemma4-E2B/direct_moral/fable+summary,gemma4-E2B,direct_moral,none_external_transfer,10,32,1,2e-05,,512,,,,,,model_default_or_prefix,,709,,,,,csv_metrics_model_incomplete,no,yes,no,no_if_weights_available_else_yes,Do not prioritize unless IdioLink transfer becomes a main comparison.,zero_shot_MRR=; delta=; source column=idiolink_ft_MRR@10,finetuning/ft_10_idiolink_transfer/option_a_zero_shot/results/option_a_results.csv
BGE-M3,BAAI/bge-m3,ft_10_option_a,option_a_results__BGE-M3__gemma4-E4B/thinking_direct_moral/fable+summary,completed,IdioLink,440,IdioLink_triplets,fable_summary,gemma4-E4B/thinking_direct_moral/fable+summary,gemma4-E4B,thinking_direct_moral,none_external_transfer,10,32,1,2e-05,,512,,,,,,model_default_or_prefix,,709,,,,,csv_metrics_model_incomplete,no,yes,no,no_if_weights_available_else_yes,Do not prioritize unless IdioLink transfer becomes a main comparison.,zero_shot_MRR=; delta=; source column=idiolink_ft_MRR@10,finetuning/ft_10_idiolink_transfer/option_a_zero_shot/results/option_a_results.csv
BGE-M3,BAAI/bge-m3,ft_10_option_a,option_a_original_results__BGE-M3__raw,completed,IdioLink,440,IdioLink_triplets,raw,raw,,-,none_external_transfer,10,32,1,2e-05,,512,,,,,,model_default_or_prefix,,709,0.080200,0.035300,0.110000,,csv_metrics_model_incomplete,no,yes,no,no_if_weights_available_else_yes,Do not prioritize unless IdioLink transfer becomes a main comparison.,zero_shot_MRR=0.0890; delta=-0.0088; source column=original_ft_MRR@10,finetuning/ft_10_idiolink_transfer/option_a_zero_shot/results/option_a_original_results.csv
BGE-M3,BAAI/bge-m3,ft_10_option_a,option_a_results__BGE-M3__raw,completed,IdioLink,440,IdioLink_triplets,raw,raw,,-,none_external_transfer,10,32,1,2e-05,,512,,,,,,model_default_or_prefix,,709,0.089400,0.050800,0.104400,,csv_metrics_model_incomplete,no,yes,no,no_if_weights_available_else_yes,Do not prioritize unless IdioLink transfer becomes a main comparison.,zero_shot_MRR=0.0890; delta=+0.0004; source column=idiolink_ft_MRR@10,finetuning/ft_10_idiolink_transfer/option_a_zero_shot/results/option_a_results.csv
BGE-M3,BAAI/bge-m3,ft_10_option_a,option_a_original_results__BGE-M3__gemini/cot_proverb/summary+fable,completed,IdioLink,440,IdioLink_triplets,summary+fable,gemini/cot_proverb/summary+fable,gemini,cot_proverb,none_external_transfer,10,32,1,2e-05,,512,,,,,,model_default_or_prefix,,709,0.254600,0.162200,0.338500,,csv_metrics_model_incomplete,no,yes,no,no_if_weights_available_else_yes,Do not prioritize unless IdioLink transfer becomes a main comparison.,zero_shot_MRR=0.2761; delta=-0.0215; source column=original_ft_MRR@10,finetuning/ft_10_idiolink_transfer/option_a_zero_shot/results/option_a_original_results.csv
BGE-M3,BAAI/bge-m3,ft_10_option_a,option_a_results__BGE-M3__gemini/cot_proverb/summary+fable,completed,IdioLink,440,IdioLink_triplets,summary+fable,gemini/cot_proverb/summary+fable,gemini,cot_proverb,none_external_transfer,10,32,1,2e-05,,512,,,,,,model_default_or_prefix,,709,0.264000,0.173500,0.355400,,csv_metrics_model_incomplete,no,yes,no,no_if_weights_available_else_yes,Do not prioritize unless IdioLink transfer becomes a main comparison.,zero_shot_MRR=0.2761; delta=-0.0121; source column=idiolink_ft_MRR@10,finetuning/ft_10_idiolink_transfer/option_a_zero_shot/results/option_a_results.csv
BGE-M3,BAAI/bge-m3,ft_10_option_a,option_a_original_results__BGE-M3__gemini/cot_proverb/summary_only,completed,IdioLink,440,IdioLink_triplets,summary_only,gemini/cot_proverb/summary_only,gemini,cot_proverb,none_external_transfer,10,32,1,2e-05,,512,,,,,,model_default_or_prefix,,709,0.231300,0.159400,0.303200,,csv_metrics_model_incomplete,no,yes,no,no_if_weights_available_else_yes,Do not prioritize unless IdioLink transfer becomes a main comparison.,zero_shot_MRR=0.2355; delta=-0.0042; source column=original_ft_MRR@10,finetuning/ft_10_idiolink_transfer/option_a_zero_shot/results/option_a_original_results.csv
BGE-M3,BAAI/bge-m3,ft_10_option_a,option_a_original_results__BGE-M3__gemma4-31B/conceptual_abstract/summary_only,completed,IdioLink,440,IdioLink_triplets,summary_only,gemma4-31B/conceptual_abstract/summary_only,gemma4-31B,conceptual_abstract,none_external_transfer,10,32,1,2e-05,,512,,,,,,model_default_or_prefix,,709,,,,,csv_metrics_model_incomplete,no,yes,no,no_if_weights_available_else_yes,Do not prioritize unless IdioLink transfer becomes a main comparison.,zero_shot_MRR=; delta=; source column=original_ft_MRR@10,finetuning/ft_10_idiolink_transfer/option_a_zero_shot/results/option_a_original_results.csv
BGE-M3,BAAI/bge-m3,ft_10_option_a,option_a_original_results__BGE-M3__gemma4-E2B/direct_moral/summary_only,completed,IdioLink,440,IdioLink_triplets,summary_only,gemma4-E2B/direct_moral/summary_only,gemma4-E2B,direct_moral,none_external_transfer,10,32,1,2e-05,,512,,,,,,model_default_or_prefix,,709,,,,,csv_metrics_model_incomplete,no,yes,no,no_if_weights_available_else_yes,Do not prioritize unless IdioLink transfer becomes a main comparison.,zero_shot_MRR=; delta=; source column=original_ft_MRR@10,finetuning/ft_10_idiolink_transfer/option_a_zero_shot/results/option_a_original_results.csv
BGE-M3,BAAI/bge-m3,ft_10_option_a,option_a_original_results__BGE-M3__gemma4-E4B/thinking_direct_moral/summary_only,completed,IdioLink,440,IdioLink_triplets,summary_only,gemma4-E4B/thinking_direct_moral/summary_only,gemma4-E4B,thinking_direct_moral,none_external_transfer,10,32,1,2e-05,,512,,,,,,model_default_or_prefix,,709,,,,,csv_metrics_model_incomplete,no,yes,no,no_if_weights_available_else_yes,Do not prioritize unless IdioLink transfer becomes a main comparison.,zero_shot_MRR=; delta=; source column=original_ft_MRR@10,finetuning/ft_10_idiolink_transfer/option_a_zero_shot/results/option_a_original_results.csv
BGE-M3,BAAI/bge-m3,ft_10_option_a,option_a_results__BGE-M3__gemini/cot_proverb/summary_only,completed,IdioLink,440,IdioLink_triplets,summary_only,gemini/cot_proverb/summary_only,gemini,cot_proverb,none_external_transfer,10,32,1,2e-05,,512,,,,,,model_default_or_prefix,,709,0.232900,0.158000,0.303200,,csv_metrics_model_incomplete,no,yes,no,no_if_weights_available_else_yes,Do not prioritize unless IdioLink transfer becomes a main comparison.,zero_shot_MRR=0.2355; delta=-0.0026; source column=idiolink_ft_MRR@10,finetuning/ft_10_idiolink_transfer/option_a_zero_shot/results/option_a_results.csv
BGE-M3,BAAI/bge-m3,ft_10_option_a,option_a_results__BGE-M3__gemma4-31B/conceptual_abstract/summary_only,completed,IdioLink,440,IdioLink_triplets,summary_only,gemma4-31B/conceptual_abstract/summary_only,gemma4-31B,conceptual_abstract,none_external_transfer,10,32,1,2e-05,,512,,,,,,model_default_or_prefix,,709,,,,,csv_metrics_model_incomplete,no,yes,no,no_if_weights_available_else_yes,Do not prioritize unless IdioLink transfer becomes a main comparison.,zero_shot_MRR=; delta=; source column=idiolink_ft_MRR@10,finetuning/ft_10_idiolink_transfer/option_a_zero_shot/results/option_a_results.csv
BGE-M3,BAAI/bge-m3,ft_10_option_a,option_a_results__BGE-M3__gemma4-E2B/direct_moral/summary_only,completed,IdioLink,440,IdioLink_triplets,summary_only,gemma4-E2B/direct_moral/summary_only,gemma4-E2B,direct_moral,none_external_transfer,10,32,1,2e-05,,512,,,,,,model_default_or_prefix,,709,,,,,csv_metrics_model_incomplete,no,yes,no,no_if_weights_available_else_yes,Do not prioritize unless IdioLink transfer becomes a main comparison.,zero_shot_MRR=; delta=; source column=idiolink_ft_MRR@10,finetuning/ft_10_idiolink_transfer/option_a_zero_shot/results/option_a_results.csv
BGE-M3,BAAI/bge-m3,ft_10_option_a,option_a_results__BGE-M3__gemma4-E4B/thinking_direct_moral/summary_only,completed,IdioLink,440,IdioLink_triplets,summary_only,gemma4-E4B/thinking_direct_moral/summary_only,gemma4-E4B,thinking_direct_moral,none_external_transfer,10,32,1,2e-05,,512,,,,,,model_default_or_prefix,,709,,,,,csv_metrics_model_incomplete,no,yes,no,no_if_weights_available_else_yes,Do not prioritize unless IdioLink transfer becomes a main comparison.,zero_shot_MRR=; delta=; source column=idiolink_ft_MRR@10,finetuning/ft_10_idiolink_transfer/option_a_zero_shot/results/option_a_results.csv
Linq-Embed-Mistral,Linq-AI-Research/Linq-Embed-Mistral,ft_02,2026-04-15_12-34-13_raw_eval_fable_plus_summary_all_folds_evaluate,completed,MORABLES,,fable_plus_summary,fable_plus_summary,fable_plus_summary,,,5,10,4,4,0.0001,,512,64,128,0.05,,,moral_statement_specific,"Instruct: Given a moral statement, retrieve the fable that best conveys this moral.\nQuery: ",,,,,,result_json_only,no,yes,yes,yes_for_official_clustered_cv,Rerun with cluster-aware folds if kept for final benchmark.,Linq MORABLES 5fold,finetuning/ft_02_linq_5fold_cv/results/2026-04-15_12-34-13_raw_eval_fable_plus_summary_all_folds_evaluate.json
Linq-Embed-Mistral,Linq-AI-Research/Linq-Embed-Mistral,ft_02,2026-04-15_12-59-59_raw_eval_fable_plus_summary_all_folds_evaluate,completed,MORABLES,,fable_plus_summary,fable_plus_summary,fable_plus_summary,,,5,10,4,4,0.0001,,512,64,128,0.05,,,moral_statement_specific,"Instruct: Given a moral statement, retrieve the fable that best conveys this moral.\nQuery: ",,,,,,result_json_only,no,yes,yes,yes_for_official_clustered_cv,Rerun with cluster-aware folds if kept for final benchmark.,Linq MORABLES 5fold,finetuning/ft_02_linq_5fold_cv/results/2026-04-15_12-59-59_raw_eval_fable_plus_summary_all_folds_evaluate.json
Linq-Embed-Mistral,Linq-AI-Research/Linq-Embed-Mistral,ft_02,2026-04-15_13-14-09_raw_eval_fable_plus_summary_all_folds_evaluate,completed,MORABLES,,fable_plus_summary,fable_plus_summary,fable_plus_summary,,,5,10,4,4,0.0001,,512,64,128,0.05,,,moral_statement_specific,"Instruct: Given a moral statement, retrieve the fable that best conveys this moral.\nQuery: ",,,,,,result_json_only,no,yes,yes,yes_for_official_clustered_cv,Rerun with cluster-aware folds if kept for final benchmark.,Linq MORABLES 5fold,finetuning/ft_02_linq_5fold_cv/results/2026-04-15_13-14-09_raw_eval_fable_plus_summary_all_folds_evaluate.json
Linq-Embed-Mistral,Linq-AI-Research/Linq-Embed-Mistral,ft_02,2026-04-21_08-48-48_raw_eval_fable_plus_summary_all_folds_evaluate,completed,MORABLES,,fable_plus_summary,fable_plus_summary,fable_plus_summary,,,5,10,4,4,0.0001,,512,64,128,0.05,,,moral_statement_specific,"Instruct: Given a moral statement, retrieve the fable that best conveys this moral.\nQuery: ",,,,,,result_json_only,no,yes,yes,yes_for_official_clustered_cv,Rerun with cluster-aware folds if kept for final benchmark.,Linq MORABLES 5fold,finetuning/ft_02_linq_5fold_cv/results/2026-04-21_08-48-48_raw_eval_fable_plus_summary_all_folds_evaluate.json
Linq-Embed-Mistral,Linq-AI-Research/Linq-Embed-Mistral,ft_02,2026-04-15_11-46-11_raw_all_folds,completed,MORABLES,,raw,raw,raw,,,0;1;2;3;4,10,4,4,0.0001,,512,64,128,0.05,,,moral_statement_specific,"Instruct: Given a moral statement, retrieve the fable that best conveys this moral.\nQuery: ",709,0.312146,0.194640,0.420310,0.550071,result_json_only,no,yes,yes,yes_for_official_clustered_cv,Rerun with cluster-aware folds if kept for final benchmark.,Linq MORABLES 5fold,finetuning/ft_02_linq_5fold_cv/results/2026-04-15_11-46-11_raw_all_folds.json
Linq-Embed-Mistral,Linq-AI-Research/Linq-Embed-Mistral,ft_02,2026-04-15_13-23-21_raw_all_folds_evaluate,completed,MORABLES,,raw,raw,raw,,,5,10,4,4,0.0001,,512,64,128,0.05,,,moral_statement_specific,"Instruct: Given a moral statement, retrieve the fable that best conveys this moral.\nQuery: ",,,,,,result_json_only,no,yes,yes,yes_for_official_clustered_cv,Rerun with cluster-aware folds if kept for final benchmark.,Linq MORABLES 5fold,finetuning/ft_02_linq_5fold_cv/results/2026-04-15_13-23-21_raw_all_folds_evaluate.json
Linq-Embed-Mistral,Linq-AI-Research/Linq-Embed-Mistral,ft_02,2026-04-21_08-14-30_raw_all_folds,completed,MORABLES,,raw,raw,raw,,,0;1;2;3;4,10,4,4,0.0001,,512,64,128,0.05,,,moral_statement_specific,"Instruct: Given a moral statement, retrieve the fable that best conveys this moral.\nQuery: ",709,0.317722,0.204513,0.437236,0.548660,result_json_only,no,yes,yes,yes_for_official_clustered_cv,Rerun with cluster-aware folds if kept for final benchmark.,Linq MORABLES 5fold,finetuning/ft_02_linq_5fold_cv/results/2026-04-21_08-14-30_raw_all_folds.json
Linq-Embed-Mistral,Linq-AI-Research/Linq-Embed-Mistral,ft_02,2026-04-21_08-36-22_raw_all_folds_evaluate,completed,MORABLES,,raw,raw,raw,,,5,10,4,4,0.0001,,512,64,128,0.05,,,moral_statement_specific,"Instruct: Given a moral statement, retrieve the fable that best conveys this moral.\nQuery: ",,,,,,result_json_only,no,yes,yes,yes_for_official_clustered_cv,Rerun with cluster-aware folds if kept for final benchmark.,Linq MORABLES 5fold,finetuning/ft_02_linq_5fold_cv/results/2026-04-21_08-36-22_raw_all_folds_evaluate.json
Linq-Embed-Mistral,Linq-AI-Research/Linq-Embed-Mistral,ft_03,2026-04-22_18-47-48_basic_tau005_fable_plus_summary_fold0,completed,MORABLES,,fable_plus_summary,fable_plus_summary,fable_plus_summary,,,0,10,4,4,0.0001,0.05,512,64,128,0.05,,mode=basic; tau=0.05,moral_statement_specific,"Instruct: Given a moral statement, retrieve the fable that best conveys this moral.\nQuery: ",142,0.373676,0.246479,0.535211,0.605634,result_json_only,no,yes,yes,yes_for_official_clustered_cv,Rerun with cluster-aware folds if kept for final benchmark.,mode=basic; tau=0.05,finetuning/ft_03_hard_neg/results/2026-04-22_18-47-48_basic_tau005_fable_plus_summary_fold0.json
Linq-Embed-Mistral,Linq-AI-Research/Linq-Embed-Mistral,ft_03,2026-04-23_10-22-49_basic_tau005_fable_plus_summary_fold0,completed,MORABLES,,fable_plus_summary,fable_plus_summary,fable_plus_summary,,,0,10,4,4,0.0001,0.05,512,64,128,0.05,,mode=basic; tau=0.05,moral_statement_specific,"Instruct: Given a moral statement, retrieve the fable that best conveys this moral.\nQuery: ",142,0.390771,0.274648,0.507042,0.612676,result_json_only,no,yes,yes,yes_for_official_clustered_cv,Rerun with cluster-aware folds if kept for final benchmark.,mode=basic; tau=0.05,finetuning/ft_03_hard_neg/results/2026-04-23_10-22-49_basic_tau005_fable_plus_summary_fold0.json
Linq-Embed-Mistral,Linq-AI-Research/Linq-Embed-Mistral,ft_03,2026-04-23_11-34-49_basic_tau005_fable_plus_summary_fold0,completed,MORABLES,,fable_plus_summary,fable_plus_summary,fable_plus_summary,,,0,10,4,4,0.0001,0.05,512,64,128,0.05,,mode=basic; tau=0.05,moral_statement_specific,"Instruct: Given a moral statement, retrieve the fable that best conveys this moral.\nQuery: ",142,0.437873,0.309859,0.584507,0.654930,result_json_only,no,yes,yes,yes_for_official_clustered_cv,Rerun with cluster-aware folds if kept for final benchmark.,mode=basic; tau=0.05,finetuning/ft_03_hard_neg/results/2026-04-23_11-34-49_basic_tau005_fable_plus_summary_fold0.json
Linq-Embed-Mistral,Linq-AI-Research/Linq-Embed-Mistral,ft_03,2026-04-23_13-01-04_basic_tau005_fable_plus_summary_all_folds,completed,MORABLES,,fable_plus_summary,fable_plus_summary,fable_plus_summary,,,0;1;2;3;4,10,4,4,0.0001,0.05,512,64,128,0.05,,mode=basic; tau=0.05,moral_statement_specific,"Instruct: Given a moral statement, retrieve the fable that best conveys this moral.\nQuery: ",709,0.438112,0.318759,0.576869,0.658674,result_json_only,no,yes,yes,yes_for_official_clustered_cv,Rerun with cluster-aware folds if kept for final benchmark.,mode=basic; tau=0.05,finetuning/ft_03_hard_neg/results/2026-04-23_13-01-04_basic_tau005_fable_plus_summary_all_folds.json
Linq-Embed-Mistral,Linq-AI-Research/Linq-Embed-Mistral,ft_03,2026-04-23_13-43-10_basic_tau005_fable_plus_summary_fold0,completed,MORABLES,,fable_plus_summary,fable_plus_summary,fable_plus_summary,,,0,10,4,4,0.0001,0.05,512,64,128,0.05,,mode=basic; tau=0.05,moral_statement_specific,"Instruct: Given a moral statement, retrieve the fable that best conveys this moral.\nQuery: ",142,0.428353,0.288732,0.605634,0.690141,result_json_only,no,yes,yes,yes_for_official_clustered_cv,Rerun with cluster-aware folds if kept for final benchmark.,mode=basic; tau=0.05,finetuning/ft_03_hard_neg/results/2026-04-23_13-43-10_basic_tau005_fable_plus_summary_fold0.json
Linq-Embed-Mistral,Linq-AI-Research/Linq-Embed-Mistral,ft_03,2026-04-23_18-47-07_hard_neg_based_on_adjectives_tau005_fable_plus_summary_all_folds,completed,MORABLES,,fable_plus_summary,fable_plus_summary,fable_plus_summary,,,0;1;2;3;4,10,4,4,0.0001,0.05,512,64,128,0.05,,mode=hard_neg; distractor_type=based_on_adjectives; tau=0.05,moral_statement_specific,"Instruct: Given a moral statement, retrieve the fable that best conveys this moral.\nQuery: ",709,0.356028,0.252468,0.472496,0.547250,result_json_only,no,yes,yes,yes_for_official_clustered_cv,Rerun with cluster-aware folds if kept for final benchmark.,mode=hard_neg; distractor_type=based_on_adjectives; tau=0.05,finetuning/ft_03_hard_neg/results/2026-04-23_18-47-07_hard_neg_based_on_adjectives_tau005_fable_plus_summary_all_folds.json
Linq-Embed-Mistral,Linq-AI-Research/Linq-Embed-Mistral,ft_03,2026-04-23_20-30-35_hard_neg_injected_adjectives_tau005_fable_plus_summary_all_folds,completed,MORABLES,,fable_plus_summary,fable_plus_summary,fable_plus_summary,,,0;1;2;3;4,10,4,4,0.0001,0.05,512,64,128,0.05,,mode=hard_neg; distractor_type=injected_adjectives; tau=0.05,moral_statement_specific,"Instruct: Given a moral statement, retrieve the fable that best conveys this moral.\nQuery: ",709,0.431742,0.303244,0.583921,0.669958,result_json_only,no,yes,yes,yes_for_official_clustered_cv,Rerun with cluster-aware folds if kept for final benchmark.,mode=hard_neg; distractor_type=injected_adjectives; tau=0.05,finetuning/ft_03_hard_neg/results/2026-04-23_20-30-35_hard_neg_injected_adjectives_tau005_fable_plus_summary_all_folds.json
Linq-Embed-Mistral,Linq-AI-Research/Linq-Embed-Mistral,ft_03,2026-04-23_22-11-43_hard_neg_partial_story_tau005_fable_plus_summary_all_folds,completed,MORABLES,,fable_plus_summary,fable_plus_summary,fable_plus_summary,,,0;1;2;3;4,10,4,4,0.0001,0.05,512,64,128,0.05,,mode=hard_neg; distractor_type=partial_story; tau=0.05,moral_statement_specific,"Instruct: Given a moral statement, retrieve the fable that best conveys this moral.\nQuery: ",709,0.438032,0.307475,0.583921,0.669958,result_json_only,no,yes,yes,yes_for_official_clustered_cv,Rerun with cluster-aware folds if kept for final benchmark.,mode=hard_neg; distractor_type=partial_story; tau=0.05,finetuning/ft_03_hard_neg/results/2026-04-23_22-11-43_hard_neg_partial_story_tau005_fable_plus_summary_all_folds.json
Linq-Embed-Mistral,Linq-AI-Research/Linq-Embed-Mistral,ft_04,2026-04-24_12-52-04_storal_augment_tau005_fable_plus_summary_fold0,completed,MORABLES+STORAL,,fable_plus_summary,fable_plus_summary,fable_plus_summary,,,0,10,4,4,0.0001,0.05,512,64,128,0.05,,,moral_statement_specific,"Instruct: Given a moral statement, retrieve the fable that best conveys this moral.\nQuery: ",142,0.420123,0.302817,0.570423,0.661972,result_json_only,no,yes,yes_if_kept,yes_for_official_clustered_cv,Rerun with cluster-aware folds if kept for final benchmark.,tau=0.05,finetuning/ft_04_storal_augment/results/2026-04-24_12-52-04_storal_augment_tau005_fable_plus_summary_fold0.json
Linq-Embed-Mistral,Linq-AI-Research/Linq-Embed-Mistral,ft_06,r128_t002_lr1e-4_fold0,configured_not_observed_locally,MORABLES,fold_train,fable_plus_summary,fable_plus_summary,fable_plus_summary,,,1,10,4,4,0.0001,0.02,512,128,256,0.05,,,moral_statement_specific,"Instruct: Given a moral statement, retrieve the fable that best conveys this moral.\nQuery: ",,,,,,config_only,no,yes,yes_if_selected,yes_for_full_cv,Use only to choose final hyperparameters; official run needs cluster-aware CV.,FT06 random-search space row.,finetuning/ft_06_random_search/config.yaml
Linq-Embed-Mistral,Linq-AI-Research/Linq-Embed-Mistral,ft_06,r128_t002_lr2e-4_fold0,configured_not_observed_locally,MORABLES,fold_train,fable_plus_summary,fable_plus_summary,fable_plus_summary,,,1,10,4,4,0.0002,0.02,512,128,256,0.05,,,moral_statement_specific,"Instruct: Given a moral statement, retrieve the fable that best conveys this moral.\nQuery: ",,,,,,config_only,no,yes,yes_if_selected,yes_for_full_cv,Use only to choose final hyperparameters; official run needs cluster-aware CV.,FT06 random-search space row.,finetuning/ft_06_random_search/config.yaml
Linq-Embed-Mistral,Linq-AI-Research/Linq-Embed-Mistral,ft_06,r128_t002_lr5e-5_fold0,configured_not_observed_locally,MORABLES,fold_train,fable_plus_summary,fable_plus_summary,fable_plus_summary,,,1,10,4,4,5e-05,0.02,512,128,256,0.05,,,moral_statement_specific,"Instruct: Given a moral statement, retrieve the fable that best conveys this moral.\nQuery: ",,,,,,config_only,no,yes,yes_if_selected,yes_for_full_cv,Use only to choose final hyperparameters; official run needs cluster-aware CV.,FT06 random-search space row.,finetuning/ft_06_random_search/config.yaml
Linq-Embed-Mistral,Linq-AI-Research/Linq-Embed-Mistral,ft_06,r128_t005_lr1e-4_fold0,configured_not_observed_locally,MORABLES,fold_train,fable_plus_summary,fable_plus_summary,fable_plus_summary,,,1,10,4,4,0.0001,0.05,512,128,256,0.05,,,moral_statement_specific,"Instruct: Given a moral statement, retrieve the fable that best conveys this moral.\nQuery: ",,,,,,config_only,no,yes,yes_if_selected,yes_for_full_cv,Use only to choose final hyperparameters; official run needs cluster-aware CV.,FT06 random-search space row.,finetuning/ft_06_random_search/config.yaml
Linq-Embed-Mistral,Linq-AI-Research/Linq-Embed-Mistral,ft_06,r128_t005_lr2e-4_fold0,configured_not_observed_locally,MORABLES,fold_train,fable_plus_summary,fable_plus_summary,fable_plus_summary,,,1,10,4,4,0.0002,0.05,512,128,256,0.05,,,moral_statement_specific,"Instruct: Given a moral statement, retrieve the fable that best conveys this moral.\nQuery: ",,,,,,config_only,no,yes,yes_if_selected,yes_for_full_cv,Use only to choose final hyperparameters; official run needs cluster-aware CV.,FT06 random-search space row.,finetuning/ft_06_random_search/config.yaml
Linq-Embed-Mistral,Linq-AI-Research/Linq-Embed-Mistral,ft_06,r128_t005_lr5e-5_fold0,configured_not_observed_locally,MORABLES,fold_train,fable_plus_summary,fable_plus_summary,fable_plus_summary,,,1,10,4,4,5e-05,0.05,512,128,256,0.05,,,moral_statement_specific,"Instruct: Given a moral statement, retrieve the fable that best conveys this moral.\nQuery: ",,,,,,config_only,no,yes,yes_if_selected,yes_for_full_cv,Use only to choose final hyperparameters; official run needs cluster-aware CV.,FT06 random-search space row.,finetuning/ft_06_random_search/config.yaml
Linq-Embed-Mistral,Linq-AI-Research/Linq-Embed-Mistral,ft_06,r128_t007_lr1e-4_fold0,configured_not_observed_locally,MORABLES,fold_train,fable_plus_summary,fable_plus_summary,fable_plus_summary,,,1,10,4,4,0.0001,0.07,512,128,256,0.05,,,moral_statement_specific,"Instruct: Given a moral statement, retrieve the fable that best conveys this moral.\nQuery: ",,,,,,config_only,no,yes,yes_if_selected,yes_for_full_cv,Use only to choose final hyperparameters; official run needs cluster-aware CV.,FT06 random-search space row.,finetuning/ft_06_random_search/config.yaml
Linq-Embed-Mistral,Linq-AI-Research/Linq-Embed-Mistral,ft_06,r128_t007_lr2e-4_fold0,configured_not_observed_locally,MORABLES,fold_train,fable_plus_summary,fable_plus_summary,fable_plus_summary,,,1,10,4,4,0.0002,0.07,512,128,256,0.05,,,moral_statement_specific,"Instruct: Given a moral statement, retrieve the fable that best conveys this moral.\nQuery: ",,,,,,config_only,no,yes,yes_if_selected,yes_for_full_cv,Use only to choose final hyperparameters; official run needs cluster-aware CV.,FT06 random-search space row.,finetuning/ft_06_random_search/config.yaml
Linq-Embed-Mistral,Linq-AI-Research/Linq-Embed-Mistral,ft_06,r128_t007_lr5e-5_fold0,configured_not_observed_locally,MORABLES,fold_train,fable_plus_summary,fable_plus_summary,fable_plus_summary,,,1,10,4,4,5e-05,0.07,512,128,256,0.05,,,moral_statement_specific,"Instruct: Given a moral statement, retrieve the fable that best conveys this moral.\nQuery: ",,,,,,config_only,no,yes,yes_if_selected,yes_for_full_cv,Use only to choose final hyperparameters; official run needs cluster-aware CV.,FT06 random-search space row.,finetuning/ft_06_random_search/config.yaml
Linq-Embed-Mistral,Linq-AI-Research/Linq-Embed-Mistral,ft_06,r128_t010_lr1e-4_fold0,configured_not_observed_locally,MORABLES,fold_train,fable_plus_summary,fable_plus_summary,fable_plus_summary,,,1,10,4,4,0.0001,0.1,512,128,256,0.05,,,moral_statement_specific,"Instruct: Given a moral statement, retrieve the fable that best conveys this moral.\nQuery: ",,,,,,config_only,no,yes,yes_if_selected,yes_for_full_cv,Use only to choose final hyperparameters; official run needs cluster-aware CV.,FT06 random-search space row.,finetuning/ft_06_random_search/config.yaml
Linq-Embed-Mistral,Linq-AI-Research/Linq-Embed-Mistral,ft_06,r128_t010_lr2e-4_fold0,configured_not_observed_locally,MORABLES,fold_train,fable_plus_summary,fable_plus_summary,fable_plus_summary,,,1,10,4,4,0.0002,0.1,512,128,256,0.05,,,moral_statement_specific,"Instruct: Given a moral statement, retrieve the fable that best conveys this moral.\nQuery: ",,,,,,config_only,no,yes,yes_if_selected,yes_for_full_cv,Use only to choose final hyperparameters; official run needs cluster-aware CV.,FT06 random-search space row.,finetuning/ft_06_random_search/config.yaml
Linq-Embed-Mistral,Linq-AI-Research/Linq-Embed-Mistral,ft_06,r128_t010_lr5e-5_fold0,configured_not_observed_locally,MORABLES,fold_train,fable_plus_summary,fable_plus_summary,fable_plus_summary,,,1,10,4,4,5e-05,0.1,512,128,256,0.05,,,moral_statement_specific,"Instruct: Given a moral statement, retrieve the fable that best conveys this moral.\nQuery: ",,,,,,config_only,no,yes,yes_if_selected,yes_for_full_cv,Use only to choose final hyperparameters; official run needs cluster-aware CV.,FT06 random-search space row.,finetuning/ft_06_random_search/config.yaml
Linq-Embed-Mistral,Linq-AI-Research/Linq-Embed-Mistral,ft_06,r32_t002_lr1e-4_fold0,completed_fold0,MORABLES,fold_train,fable_plus_summary,fable_plus_summary,fable_plus_summary,,,1,10,4,4,0.0001,0.02,512,32,64,0.05,,,moral_statement_specific,"Instruct: Given a moral statement, retrieve the fable that best conveys this moral.\nQuery: ",fold0,0.426241,0.288732,0.598592,0.683099,fold0_model_and_embeddings_local,partial_fold0_only,yes,yes_if_selected,yes_for_full_cv,Use only to choose final hyperparameters; official run needs cluster-aware CV.,FT06 random-search space row.,finetuning/ft_06_random_search/cache/checkpoints/r32_t002_lr1e-4/eval/Information-Retrieval_evaluation_fold_0_results.csv
Linq-Embed-Mistral,Linq-AI-Research/Linq-Embed-Mistral,ft_06,r32_t002_lr2e-4_fold0,configured_not_observed_locally,MORABLES,fold_train,fable_plus_summary,fable_plus_summary,fable_plus_summary,,,1,10,4,4,0.0002,0.02,512,32,64,0.05,,,moral_statement_specific,"Instruct: Given a moral statement, retrieve the fable that best conveys this moral.\nQuery: ",,,,,,config_only,no,yes,yes_if_selected,yes_for_full_cv,Use only to choose final hyperparameters; official run needs cluster-aware CV.,FT06 random-search space row.,finetuning/ft_06_random_search/config.yaml
Linq-Embed-Mistral,Linq-AI-Research/Linq-Embed-Mistral,ft_06,r32_t002_lr5e-5_fold0,configured_not_observed_locally,MORABLES,fold_train,fable_plus_summary,fable_plus_summary,fable_plus_summary,,,1,10,4,4,5e-05,0.02,512,32,64,0.05,,,moral_statement_specific,"Instruct: Given a moral statement, retrieve the fable that best conveys this moral.\nQuery: ",,,,,,config_only,no,yes,yes_if_selected,yes_for_full_cv,Use only to choose final hyperparameters; official run needs cluster-aware CV.,FT06 random-search space row.,finetuning/ft_06_random_search/config.yaml
Linq-Embed-Mistral,Linq-AI-Research/Linq-Embed-Mistral,ft_06,r32_t005_lr1e-4_fold0,configured_not_observed_locally,MORABLES,fold_train,fable_plus_summary,fable_plus_summary,fable_plus_summary,,,1,10,4,4,0.0001,0.05,512,32,64,0.05,,,moral_statement_specific,"Instruct: Given a moral statement, retrieve the fable that best conveys this moral.\nQuery: ",,,,,,config_only,no,yes,yes_if_selected,yes_for_full_cv,Use only to choose final hyperparameters; official run needs cluster-aware CV.,FT06 random-search space row.,finetuning/ft_06_random_search/config.yaml
Linq-Embed-Mistral,Linq-AI-Research/Linq-Embed-Mistral,ft_06,r32_t005_lr2e-4_fold0,configured_not_observed_locally,MORABLES,fold_train,fable_plus_summary,fable_plus_summary,fable_plus_summary,,,1,10,4,4,0.0002,0.05,512,32,64,0.05,,,moral_statement_specific,"Instruct: Given a moral statement, retrieve the fable that best conveys this moral.\nQuery: ",,,,,,config_only,no,yes,yes_if_selected,yes_for_full_cv,Use only to choose final hyperparameters; official run needs cluster-aware CV.,FT06 random-search space row.,finetuning/ft_06_random_search/config.yaml
Linq-Embed-Mistral,Linq-AI-Research/Linq-Embed-Mistral,ft_06,r32_t005_lr5e-5_fold0,configured_not_observed_locally,MORABLES,fold_train,fable_plus_summary,fable_plus_summary,fable_plus_summary,,,1,10,4,4,5e-05,0.05,512,32,64,0.05,,,moral_statement_specific,"Instruct: Given a moral statement, retrieve the fable that best conveys this moral.\nQuery: ",,,,,,config_only,no,yes,yes_if_selected,yes_for_full_cv,Use only to choose final hyperparameters; official run needs cluster-aware CV.,FT06 random-search space row.,finetuning/ft_06_random_search/config.yaml
Linq-Embed-Mistral,Linq-AI-Research/Linq-Embed-Mistral,ft_06,r32_t007_lr1e-4_fold0,completed_fold0,MORABLES,fold_train,fable_plus_summary,fable_plus_summary,fable_plus_summary,,,1,10,4,4,0.0001,0.07,512,32,64,0.05,,,moral_statement_specific,"Instruct: Given a moral statement, retrieve the fable that best conveys this moral.\nQuery: ",fold0,0.405120,0.288732,0.584507,0.647887,fold0_model_and_embeddings_local,partial_fold0_only,yes,yes_if_selected,yes_for_full_cv,Use only to choose final hyperparameters; official run needs cluster-aware CV.,FT06 random-search space row.,finetuning/ft_06_random_search/cache/checkpoints/r32_t007_lr1e-4/eval/Information-Retrieval_evaluation_fold_0_results.csv
Linq-Embed-Mistral,Linq-AI-Research/Linq-Embed-Mistral,ft_06,r32_t007_lr2e-4_fold0,configured_not_observed_locally,MORABLES,fold_train,fable_plus_summary,fable_plus_summary,fable_plus_summary,,,1,10,4,4,0.0002,0.07,512,32,64,0.05,,,moral_statement_specific,"Instruct: Given a moral statement, retrieve the fable that best conveys this moral.\nQuery: ",,,,,,config_only,no,yes,yes_if_selected,yes_for_full_cv,Use only to choose final hyperparameters; official run needs cluster-aware CV.,FT06 random-search space row.,finetuning/ft_06_random_search/config.yaml
Linq-Embed-Mistral,Linq-AI-Research/Linq-Embed-Mistral,ft_06,r32_t007_lr5e-5_fold0,configured_not_observed_locally,MORABLES,fold_train,fable_plus_summary,fable_plus_summary,fable_plus_summary,,,1,10,4,4,5e-05,0.07,512,32,64,0.05,,,moral_statement_specific,"Instruct: Given a moral statement, retrieve the fable that best conveys this moral.\nQuery: ",,,,,,config_only,no,yes,yes_if_selected,yes_for_full_cv,Use only to choose final hyperparameters; official run needs cluster-aware CV.,FT06 random-search space row.,finetuning/ft_06_random_search/config.yaml
Linq-Embed-Mistral,Linq-AI-Research/Linq-Embed-Mistral,ft_06,r32_t010_lr1e-4_fold0,configured_not_observed_locally,MORABLES,fold_train,fable_plus_summary,fable_plus_summary,fable_plus_summary,,,1,10,4,4,0.0001,0.1,512,32,64,0.05,,,moral_statement_specific,"Instruct: Given a moral statement, retrieve the fable that best conveys this moral.\nQuery: ",,,,,,config_only,no,yes,yes_if_selected,yes_for_full_cv,Use only to choose final hyperparameters; official run needs cluster-aware CV.,FT06 random-search space row.,finetuning/ft_06_random_search/config.yaml
Linq-Embed-Mistral,Linq-AI-Research/Linq-Embed-Mistral,ft_06,r32_t010_lr2e-4_fold0,configured_not_observed_locally,MORABLES,fold_train,fable_plus_summary,fable_plus_summary,fable_plus_summary,,,1,10,4,4,0.0002,0.1,512,32,64,0.05,,,moral_statement_specific,"Instruct: Given a moral statement, retrieve the fable that best conveys this moral.\nQuery: ",,,,,,config_only,no,yes,yes_if_selected,yes_for_full_cv,Use only to choose final hyperparameters; official run needs cluster-aware CV.,FT06 random-search space row.,finetuning/ft_06_random_search/config.yaml
Linq-Embed-Mistral,Linq-AI-Research/Linq-Embed-Mistral,ft_06,r32_t010_lr5e-5_fold0,configured_not_observed_locally,MORABLES,fold_train,fable_plus_summary,fable_plus_summary,fable_plus_summary,,,1,10,4,4,5e-05,0.1,512,32,64,0.05,,,moral_statement_specific,"Instruct: Given a moral statement, retrieve the fable that best conveys this moral.\nQuery: ",,,,,,config_only,no,yes,yes_if_selected,yes_for_full_cv,Use only to choose final hyperparameters; official run needs cluster-aware CV.,FT06 random-search space row.,finetuning/ft_06_random_search/config.yaml
Linq-Embed-Mistral,Linq-AI-Research/Linq-Embed-Mistral,ft_06,r64_t002_lr1e-4_fold0,configured_not_observed_locally,MORABLES,fold_train,fable_plus_summary,fable_plus_summary,fable_plus_summary,,,1,10,4,4,0.0001,0.02,512,64,128,0.05,,,moral_statement_specific,"Instruct: Given a moral statement, retrieve the fable that best conveys this moral.\nQuery: ",,,,,,config_only,no,yes,yes_if_selected,yes_for_full_cv,Use only to choose final hyperparameters; official run needs cluster-aware CV.,FT06 random-search space row.,finetuning/ft_06_random_search/config.yaml
Linq-Embed-Mistral,Linq-AI-Research/Linq-Embed-Mistral,ft_06,r64_t002_lr2e-4_fold0,configured_not_observed_locally,MORABLES,fold_train,fable_plus_summary,fable_plus_summary,fable_plus_summary,,,1,10,4,4,0.0002,0.02,512,64,128,0.05,,,moral_statement_specific,"Instruct: Given a moral statement, retrieve the fable that best conveys this moral.\nQuery: ",,,,,,config_only,no,yes,yes_if_selected,yes_for_full_cv,Use only to choose final hyperparameters; official run needs cluster-aware CV.,FT06 random-search space row.,finetuning/ft_06_random_search/config.yaml
Linq-Embed-Mistral,Linq-AI-Research/Linq-Embed-Mistral,ft_06,r64_t002_lr5e-5_fold0,configured_not_observed_locally,MORABLES,fold_train,fable_plus_summary,fable_plus_summary,fable_plus_summary,,,1,10,4,4,5e-05,0.02,512,64,128,0.05,,,moral_statement_specific,"Instruct: Given a moral statement, retrieve the fable that best conveys this moral.\nQuery: ",,,,,,config_only,no,yes,yes_if_selected,yes_for_full_cv,Use only to choose final hyperparameters; official run needs cluster-aware CV.,FT06 random-search space row.,finetuning/ft_06_random_search/config.yaml
Linq-Embed-Mistral,Linq-AI-Research/Linq-Embed-Mistral,ft_06,r64_t005_lr1e-4_fold0,configured_not_observed_locally,MORABLES,fold_train,fable_plus_summary,fable_plus_summary,fable_plus_summary,,,1,10,4,4,0.0001,0.05,512,64,128,0.05,,,moral_statement_specific,"Instruct: Given a moral statement, retrieve the fable that best conveys this moral.\nQuery: ",,,,,,config_only,no,yes,yes_if_selected,yes_for_full_cv,Use only to choose final hyperparameters; official run needs cluster-aware CV.,FT06 random-search space row.,finetuning/ft_06_random_search/config.yaml
Linq-Embed-Mistral,Linq-AI-Research/Linq-Embed-Mistral,ft_06,r64_t005_lr2e-4_fold0,completed_fold0,MORABLES,fold_train,fable_plus_summary,fable_plus_summary,fable_plus_summary,,,1,10,4,4,0.0002,0.05,512,64,128,0.05,,,moral_statement_specific,"Instruct: Given a moral statement, retrieve the fable that best conveys this moral.\nQuery: ",fold0,0.410343,0.309859,0.549296,0.640845,fold0_model_and_embeddings_local,partial_fold0_only,yes,yes_if_selected,yes_for_full_cv,Use only to choose final hyperparameters; official run needs cluster-aware CV.,FT06 random-search space row.,finetuning/ft_06_random_search/cache/checkpoints/r64_t005_lr2e-4/eval/Information-Retrieval_evaluation_fold_0_results.csv
Linq-Embed-Mistral,Linq-AI-Research/Linq-Embed-Mistral,ft_06,r64_t005_lr5e-5_fold0,completed_fold0,MORABLES,fold_train,fable_plus_summary,fable_plus_summary,fable_plus_summary,,,1,10,4,4,5e-05,0.05,512,64,128,0.05,,,moral_statement_specific,"Instruct: Given a moral statement, retrieve the fable that best conveys this moral.\nQuery: ",fold0,0.415071,0.288732,0.598592,0.661972,checkpoint_eval_only,no,yes,yes_if_selected,yes_for_full_cv,Use only to choose final hyperparameters; official run needs cluster-aware CV.,FT06 random-search space row.,finetuning/ft_06_random_search/cache/checkpoints/r64_t005_lr5e-5/eval/Information-Retrieval_evaluation_fold_0_results.csv
Linq-Embed-Mistral,Linq-AI-Research/Linq-Embed-Mistral,ft_06,r64_t007_lr1e-4_fold0,configured_not_observed_locally,MORABLES,fold_train,fable_plus_summary,fable_plus_summary,fable_plus_summary,,,1,10,4,4,0.0001,0.07,512,64,128,0.05,,,moral_statement_specific,"Instruct: Given a moral statement, retrieve the fable that best conveys this moral.\nQuery: ",,,,,,config_only,no,yes,yes_if_selected,yes_for_full_cv,Use only to choose final hyperparameters; official run needs cluster-aware CV.,FT06 random-search space row.,finetuning/ft_06_random_search/config.yaml
Linq-Embed-Mistral,Linq-AI-Research/Linq-Embed-Mistral,ft_06,r64_t007_lr2e-4_fold0,configured_not_observed_locally,MORABLES,fold_train,fable_plus_summary,fable_plus_summary,fable_plus_summary,,,1,10,4,4,0.0002,0.07,512,64,128,0.05,,,moral_statement_specific,"Instruct: Given a moral statement, retrieve the fable that best conveys this moral.\nQuery: ",,,,,,config_only,no,yes,yes_if_selected,yes_for_full_cv,Use only to choose final hyperparameters; official run needs cluster-aware CV.,FT06 random-search space row.,finetuning/ft_06_random_search/config.yaml
Linq-Embed-Mistral,Linq-AI-Research/Linq-Embed-Mistral,ft_06,r64_t007_lr5e-5_fold0,configured_not_observed_locally,MORABLES,fold_train,fable_plus_summary,fable_plus_summary,fable_plus_summary,,,1,10,4,4,5e-05,0.07,512,64,128,0.05,,,moral_statement_specific,"Instruct: Given a moral statement, retrieve the fable that best conveys this moral.\nQuery: ",,,,,,config_only,no,yes,yes_if_selected,yes_for_full_cv,Use only to choose final hyperparameters; official run needs cluster-aware CV.,FT06 random-search space row.,finetuning/ft_06_random_search/config.yaml
Linq-Embed-Mistral,Linq-AI-Research/Linq-Embed-Mistral,ft_06,r64_t010_lr1e-4_fold0,configured_not_observed_locally,MORABLES,fold_train,fable_plus_summary,fable_plus_summary,fable_plus_summary,,,1,10,4,4,0.0001,0.1,512,64,128,0.05,,,moral_statement_specific,"Instruct: Given a moral statement, retrieve the fable that best conveys this moral.\nQuery: ",,,,,,config_only,no,yes,yes_if_selected,yes_for_full_cv,Use only to choose final hyperparameters; official run needs cluster-aware CV.,FT06 random-search space row.,finetuning/ft_06_random_search/config.yaml
Linq-Embed-Mistral,Linq-AI-Research/Linq-Embed-Mistral,ft_06,r64_t010_lr2e-4_fold0,configured_not_observed_locally,MORABLES,fold_train,fable_plus_summary,fable_plus_summary,fable_plus_summary,,,1,10,4,4,0.0002,0.1,512,64,128,0.05,,,moral_statement_specific,"Instruct: Given a moral statement, retrieve the fable that best conveys this moral.\nQuery: ",,,,,,config_only,no,yes,yes_if_selected,yes_for_full_cv,Use only to choose final hyperparameters; official run needs cluster-aware CV.,FT06 random-search space row.,finetuning/ft_06_random_search/config.yaml
Linq-Embed-Mistral,Linq-AI-Research/Linq-Embed-Mistral,ft_06,r64_t010_lr5e-5_fold0,configured_not_observed_locally,MORABLES,fold_train,fable_plus_summary,fable_plus_summary,fable_plus_summary,,,1,10,4,4,5e-05,0.1,512,64,128,0.05,,,moral_statement_specific,"Instruct: Given a moral statement, retrieve the fable that best conveys this moral.\nQuery: ",,,,,,config_only,no,yes,yes_if_selected,yes_for_full_cv,Use only to choose final hyperparameters; official run needs cluster-aware CV.,FT06 random-search space row.,finetuning/ft_06_random_search/config.yaml
Linq-Embed-Mistral,Linq-AI-Research/Linq-Embed-Mistral,ft_07,2026-04-29_10-48-14_linq_s1000__fable_plus_summary,completed,STORAL_s1000,1000,STORAL_stories,fable_plus_summary,fable_plus_summary,,,none_external_transfer,10,4,4,0.0001,0.05,512,64,128,0.05,,,moral_statement_specific,"Instruct: Given a moral statement, retrieve the fable that best conveys this moral.\nQuery: ",709,0.421946,0.303244,0.554302,0.647391,result_json_only,no,yes,no,no_if_weights_available,Prioritize Linq s500 and Qwen3 sfull/s500 for clustered external-transfer eval.,"length_range=[30, 300]; external STORAL transfer.",finetuning/ft_07_storal_transfer/results/2026-04-29_10-48-14_linq_s1000.json
Linq-Embed-Mistral,Linq-AI-Research/Linq-Embed-Mistral,ft_07,2026-04-29_10-48-14_linq_s1000__raw,completed,STORAL_s1000,1000,STORAL_stories,raw,raw,,,none_external_transfer,10,4,4,0.0001,0.05,512,64,128,0.05,,,moral_statement_specific,"Instruct: Given a moral statement, retrieve the fable that best conveys this moral.\nQuery: ",709,0.306790,0.190409,0.438646,0.530324,result_json_only,no,yes,no,no_if_weights_available,Prioritize Linq s500 and Qwen3 sfull/s500 for clustered external-transfer eval.,"length_range=[30, 300]; external STORAL transfer.",finetuning/ft_07_storal_transfer/results/2026-04-29_10-48-14_linq_s1000.json
Linq-Embed-Mistral,Linq-AI-Research/Linq-Embed-Mistral,ft_07,2026-04-29_10-13-37_linq_s500__fable_plus_summary,completed,STORAL_s500,500,STORAL_stories,fable_plus_summary,fable_plus_summary,,,none_external_transfer,10,4,4,0.0001,0.05,512,64,128,0.05,,,moral_statement_specific,"Instruct: Given a moral statement, retrieve the fable that best conveys this moral.\nQuery: ",709,0.450427,0.331453,0.589563,0.678420,full_embeddings,yes,no,no,no_if_weights_available,Prioritize Linq s500 and Qwen3 sfull/s500 for clustered external-transfer eval.,"length_range=[56, 195]; external STORAL transfer.",finetuning/ft_07_storal_transfer/results/2026-04-29_10-13-37_linq_s500.json
Linq-Embed-Mistral,Linq-AI-Research/Linq-Embed-Mistral,ft_07,2026-04-29_10-13-37_linq_s500__raw,completed,STORAL_s500,500,STORAL_stories,raw,raw,,,none_external_transfer,10,4,4,0.0001,0.05,512,64,128,0.05,,,moral_statement_specific,"Instruct: Given a moral statement, retrieve the fable that best conveys this moral.\nQuery: ",709,0.356577,0.239774,0.489422,0.578279,result_json_only,no,yes,no,no_if_weights_available,Prioritize Linq s500 and Qwen3 sfull/s500 for clustered external-transfer eval.,"length_range=[56, 195]; external STORAL transfer.",finetuning/ft_07_storal_transfer/results/2026-04-29_10-13-37_linq_s500.json
Linq-Embed-Mistral,Linq-AI-Research/Linq-Embed-Mistral,ft_07,2026-04-29_11-50-27_linq_sfull__fable_plus_summary,completed,STORAL_sfull,1675,STORAL_stories,fable_plus_summary,fable_plus_summary,,,none_external_transfer,10,4,4,0.0001,0.05,512,64,128,0.05,,,moral_statement_specific,"Instruct: Given a moral statement, retrieve the fable that best conveys this moral.\nQuery: ",709,0.432894,0.313117,0.571227,0.644570,result_json_only,no,yes,no,no_if_weights_available,Prioritize Linq s500 and Qwen3 sfull/s500 for clustered external-transfer eval.,length_range=None; external STORAL transfer.,finetuning/ft_07_storal_transfer/results/2026-04-29_11-50-27_linq_sfull.json
Linq-Embed-Mistral,Linq-AI-Research/Linq-Embed-Mistral,ft_07,2026-04-29_11-50-27_linq_sfull__raw,completed,STORAL_sfull,1675,STORAL_stories,raw,raw,,,none_external_transfer,10,4,4,0.0001,0.05,512,64,128,0.05,,,moral_statement_specific,"Instruct: Given a moral statement, retrieve the fable that best conveys this moral.\nQuery: ",709,0.328084,0.220028,0.447109,0.533145,result_json_only,no,yes,no,no_if_weights_available,Prioritize Linq s500 and Qwen3 sfull/s500 for clustered external-transfer eval.,length_range=None; external STORAL transfer.,finetuning/ft_07_storal_transfer/results/2026-04-29_11-50-27_linq_sfull.json
Linq-Embed-Mistral,Linq-AI-Research/Linq-Embed-Mistral,ft_08,ft_08_clean_5fold,configured_no_completed_result,MORABLES_615_clean,,fable_plus_summary,fable_plus_summary,fable_plus_summary,,,5,10,4,4,0.0001,0.05,512,64,128,0.05,,,general,"Instruct: Given a text, retrieve the most relevant passage that answers the query\nQuery: ",,,,,,config_only,no,yes,yes_if_kept,yes,Recast as cluster-aware sanity run if still needed.,No completed result found.,finetuning/ft_08_clean_sanity/config.yaml
Linq-Embed-Mistral,Linq-AI-Research/Linq-Embed-Mistral,ft_08,ft_08_noisy_5fold,configured_no_completed_result,MORABLES_709_noisy,,fable_plus_summary,fable_plus_summary,fable_plus_summary,,,5,10,4,4,0.0001,0.05,512,64,128,0.05,,,general,"Instruct: Given a text, retrieve the most relevant passage that answers the query\nQuery: ",,,,,,config_only,no,yes,yes_if_kept,yes,Recast as cluster-aware sanity run if still needed.,No completed result found.,finetuning/ft_08_clean_sanity/config.yaml
Linq-Embed-Mistral,Linq-AI-Research/Linq-Embed-Mistral,ft_09,2026-05-09_16-41-50_fn_masking,completed,MORABLES_with_fn_masking,,fable_plus_summary,fable_plus_summary,fable_plus_summary,,,5,10,4,4,0.0001,0.05,512,64,128,0.05,0.85,,general,"Instruct: Given a text, retrieve the most relevant passage that answers the query\nQuery: ",142,0.373496,0.274648,0.457746,0.556338,result_json_only,no,yes,yes,yes_for_official_clustered_cv,Most relevant MORABLES-CV method; rerun cluster-aware after data freeze.,threshold=0.85,finetuning/ft_09_fn_masking/results/2026-05-09_16-41-50_fn_masking.json
Linq-Embed-Mistral,Linq-AI-Research/Linq-Embed-Mistral,ft_09,2026-05-09_16-57-13_fn_masking,completed,MORABLES_with_fn_masking,,fable_plus_summary,fable_plus_summary,fable_plus_summary,,,5,10,4,4,0.0001,0.05,512,64,128,0.05,0.85,,general,"Instruct: Given a text, retrieve the most relevant passage that answers the query\nQuery: ",142,0.463657,0.338028,0.591549,0.683099,result_json_only,no,yes,yes,yes_for_official_clustered_cv,Most relevant MORABLES-CV method; rerun cluster-aware after data freeze.,threshold=0.85,finetuning/ft_09_fn_masking/results/2026-05-09_16-57-13_fn_masking.json
Linq-Embed-Mistral,Linq-AI-Research/Linq-Embed-Mistral,ft_09,2026-05-09_17-11-46_fn_masking,completed,MORABLES_with_fn_masking,,fable_plus_summary,fable_plus_summary,fable_plus_summary,,,5,10,4,4,0.0001,0.05,512,64,128,0.05,0.85,,general,"Instruct: Given a text, retrieve the most relevant passage that answers the query\nQuery: ",142,0.503975,0.401408,0.633803,0.704225,result_json_only,no,yes,yes,yes_for_official_clustered_cv,Most relevant MORABLES-CV method; rerun cluster-aware after data freeze.,threshold=0.85,finetuning/ft_09_fn_masking/results/2026-05-09_17-11-46_fn_masking.json
Linq-Embed-Mistral,Linq-AI-Research/Linq-Embed-Mistral,ft_09,2026-05-09_17-26-25_fn_masking,completed,MORABLES_with_fn_masking,,fable_plus_summary,fable_plus_summary,fable_plus_summary,,,5,10,4,4,0.0001,0.05,512,64,128,0.05,0.85,,general,"Instruct: Given a text, retrieve the most relevant passage that answers the query\nQuery: ",142,0.386409,0.253521,0.542254,0.619718,result_json_only,no,yes,yes,yes_for_official_clustered_cv,Most relevant MORABLES-CV method; rerun cluster-aware after data freeze.,threshold=0.85,finetuning/ft_09_fn_masking/results/2026-05-09_17-26-25_fn_masking.json
Linq-Embed-Mistral,Linq-AI-Research/Linq-Embed-Mistral,ft_09,2026-05-09_20-14-04_fn_masking,completed,MORABLES_with_fn_masking,,fable_plus_summary,fable_plus_summary,fable_plus_summary,,,5,10,4,4,0.0001,0.05,512,64,128,0.05,0.85,,general,"Instruct: Given a text, retrieve the most relevant passage that answers the query\nQuery: ",141,0.447747,0.319149,0.609929,0.687943,result_json_only,no,yes,yes,yes_for_official_clustered_cv,Most relevant MORABLES-CV method; rerun cluster-aware after data freeze.,threshold=0.85,finetuning/ft_09_fn_masking/results/2026-05-09_20-14-04_fn_masking.json
Linq-Embed-Mistral,Linq-AI-Research/Linq-Embed-Mistral,ft_09,aggregate_from_fold_files,completed,MORABLES_with_fn_masking,,fable_plus_summary,fable_plus_summary,fable_plus_summary,,,5,10,4,4,0.0001,0.05,512,64,128,0.05,0.85,,general,"Instruct: Given a text, retrieve the most relevant passage that answers the query\nQuery: ",709,0.435057,0.317348,0.566996,0.650212,result_json_only,no,yes,yes,yes_for_official_clustered_cv,Most relevant MORABLES-CV method; rerun cluster-aware after data freeze.,Derived from fold_0..fold_4 result files; threshold=0.85,finetuning/ft_09_fn_masking/results/fold_*.json
Linq-Embed-Mistral,Linq-AI-Research/Linq-Embed-Mistral,ft_10_option_a,option_a_original_results__Linq-Embed-Mistral__gemini/conceptual_abstract/fable+summary,completed,IdioLink,440,IdioLink_triplets,fable_summary,gemini/conceptual_abstract/fable+summary,gemini,conceptual_abstract,none_external_transfer,10,4,8,2e-05,,512,64,128,0.05,,,model_default_or_prefix,,709,0.358000,0.253900,0.462600,,csv_metrics_model_incomplete,no,yes,no,no_if_weights_available_else_yes,Do not prioritize unless IdioLink transfer becomes a main comparison.,zero_shot_MRR=0.3481; delta=+0.0099; source column=original_ft_MRR@10,finetuning/ft_10_idiolink_transfer/option_a_zero_shot/results/option_a_original_results.csv
Linq-Embed-Mistral,Linq-AI-Research/Linq-Embed-Mistral,ft_10_option_a,option_a_original_results__Linq-Embed-Mistral__gemini/cot_proverb/fable+summary,completed,IdioLink,440,IdioLink_triplets,fable_summary,gemini/cot_proverb/fable+summary,gemini,cot_proverb,none_external_transfer,10,4,8,2e-05,,512,64,128,0.05,,,model_default_or_prefix,,709,0.367200,0.260900,0.478100,,csv_metrics_model_incomplete,no,yes,no,no_if_weights_available_else_yes,Do not prioritize unless IdioLink transfer becomes a main comparison.,zero_shot_MRR=0.3597; delta=+0.0075; source column=original_ft_MRR@10,finetuning/ft_10_idiolink_transfer/option_a_zero_shot/results/option_a_original_results.csv
Linq-Embed-Mistral,Linq-AI-Research/Linq-Embed-Mistral,ft_10_option_a,option_a_original_results__Linq-Embed-Mistral__gemini/direct_moral/fable+summary,completed,IdioLink,440,IdioLink_triplets,fable_summary,gemini/direct_moral/fable+summary,gemini,direct_moral,none_external_transfer,10,4,8,2e-05,,512,64,128,0.05,,,model_default_or_prefix,,709,0.354700,0.251100,0.468300,,csv_metrics_model_incomplete,no,yes,no,no_if_weights_available_else_yes,Do not prioritize unless IdioLink transfer becomes a main comparison.,zero_shot_MRR=0.3502; delta=+0.0045; source column=original_ft_MRR@10,finetuning/ft_10_idiolink_transfer/option_a_zero_shot/results/option_a_original_results.csv
Linq-Embed-Mistral,Linq-AI-Research/Linq-Embed-Mistral,ft_10_option_a,option_a_original_results__Linq-Embed-Mistral__gemma4-31B/conceptual_abstract/fable+summary,completed,IdioLink,440,IdioLink_triplets,fable_summary,gemma4-31B/conceptual_abstract/fable+summary,gemma4-31B,conceptual_abstract,none_external_transfer,10,4,8,2e-05,,512,64,128,0.05,,,model_default_or_prefix,,709,,,,,csv_metrics_model_incomplete,no,yes,no,no_if_weights_available_else_yes,Do not prioritize unless IdioLink transfer becomes a main comparison.,zero_shot_MRR=0.3015; delta=; source column=original_ft_MRR@10,finetuning/ft_10_idiolink_transfer/option_a_zero_shot/results/option_a_original_results.csv
Linq-Embed-Mistral,Linq-AI-Research/Linq-Embed-Mistral,ft_10_option_a,option_a_original_results__Linq-Embed-Mistral__gemma4-E2B/direct_moral/fable+summary,completed,IdioLink,440,IdioLink_triplets,fable_summary,gemma4-E2B/direct_moral/fable+summary,gemma4-E2B,direct_moral,none_external_transfer,10,4,8,2e-05,,512,64,128,0.05,,,model_default_or_prefix,,709,,,,,csv_metrics_model_incomplete,no,yes,no,no_if_weights_available_else_yes,Do not prioritize unless IdioLink transfer becomes a main comparison.,zero_shot_MRR=0.2212; delta=; source column=original_ft_MRR@10,finetuning/ft_10_idiolink_transfer/option_a_zero_shot/results/option_a_original_results.csv
Linq-Embed-Mistral,Linq-AI-Research/Linq-Embed-Mistral,ft_10_option_a,option_a_original_results__Linq-Embed-Mistral__gemma4-E4B/thinking_direct_moral/fable+summary,completed,IdioLink,440,IdioLink_triplets,fable_summary,gemma4-E4B/thinking_direct_moral/fable+summary,gemma4-E4B,thinking_direct_moral,none_external_transfer,10,4,8,2e-05,,512,64,128,0.05,,,model_default_or_prefix,,709,,,,,csv_metrics_model_incomplete,no,yes,no,no_if_weights_available_else_yes,Do not prioritize unless IdioLink transfer becomes a main comparison.,zero_shot_MRR=0.2502; delta=; source column=original_ft_MRR@10,finetuning/ft_10_idiolink_transfer/option_a_zero_shot/results/option_a_original_results.csv
Linq-Embed-Mistral,Linq-AI-Research/Linq-Embed-Mistral,ft_10_option_a,option_a_results__Linq-Embed-Mistral__gemini/conceptual_abstract/fable+summary,completed,IdioLink,440,IdioLink_triplets,fable_summary,gemini/conceptual_abstract/fable+summary,gemini,conceptual_abstract,none_external_transfer,10,4,8,2e-05,,512,64,128,0.05,,,model_default_or_prefix,,709,0.362900,0.260900,0.476700,,csv_metrics_model_incomplete,no,yes,no,no_if_weights_available_else_yes,Do not prioritize unless IdioLink transfer becomes a main comparison.,zero_shot_MRR=0.3481; delta=+0.0148; source column=idiolink_ft_MRR@10,finetuning/ft_10_idiolink_transfer/option_a_zero_shot/results/option_a_results.csv
Linq-Embed-Mistral,Linq-AI-Research/Linq-Embed-Mistral,ft_10_option_a,option_a_results__Linq-Embed-Mistral__gemini/cot_proverb/fable+summary,completed,IdioLink,440,IdioLink_triplets,fable_summary,gemini/cot_proverb/fable+summary,gemini,cot_proverb,none_external_transfer,10,4,8,2e-05,,512,64,128,0.05,,,model_default_or_prefix,,709,0.371400,0.266600,0.485200,,csv_metrics_model_incomplete,no,yes,no,no_if_weights_available_else_yes,Do not prioritize unless IdioLink transfer becomes a main comparison.,zero_shot_MRR=0.3597; delta=+0.0117; source column=idiolink_ft_MRR@10,finetuning/ft_10_idiolink_transfer/option_a_zero_shot/results/option_a_results.csv
Linq-Embed-Mistral,Linq-AI-Research/Linq-Embed-Mistral,ft_10_option_a,option_a_results__Linq-Embed-Mistral__gemini/direct_moral/fable+summary,completed,IdioLink,440,IdioLink_triplets,fable_summary,gemini/direct_moral/fable+summary,gemini,direct_moral,none_external_transfer,10,4,8,2e-05,,512,64,128,0.05,,,model_default_or_prefix,,709,0.364000,0.256700,0.481000,,csv_metrics_model_incomplete,no,yes,no,no_if_weights_available_else_yes,Do not prioritize unless IdioLink transfer becomes a main comparison.,zero_shot_MRR=0.3502; delta=+0.0138; source column=idiolink_ft_MRR@10,finetuning/ft_10_idiolink_transfer/option_a_zero_shot/results/option_a_results.csv
Linq-Embed-Mistral,Linq-AI-Research/Linq-Embed-Mistral,ft_10_option_a,option_a_results__Linq-Embed-Mistral__gemma4-31B/conceptual_abstract/fable+summary,completed,IdioLink,440,IdioLink_triplets,fable_summary,gemma4-31B/conceptual_abstract/fable+summary,gemma4-31B,conceptual_abstract,none_external_transfer,10,4,8,2e-05,,512,64,128,0.05,,,model_default_or_prefix,,709,,,,,csv_metrics_model_incomplete,no,yes,no,no_if_weights_available_else_yes,Do not prioritize unless IdioLink transfer becomes a main comparison.,zero_shot_MRR=0.3015; delta=; source column=idiolink_ft_MRR@10,finetuning/ft_10_idiolink_transfer/option_a_zero_shot/results/option_a_results.csv
Linq-Embed-Mistral,Linq-AI-Research/Linq-Embed-Mistral,ft_10_option_a,option_a_results__Linq-Embed-Mistral__gemma4-E2B/direct_moral/fable+summary,completed,IdioLink,440,IdioLink_triplets,fable_summary,gemma4-E2B/direct_moral/fable+summary,gemma4-E2B,direct_moral,none_external_transfer,10,4,8,2e-05,,512,64,128,0.05,,,model_default_or_prefix,,709,,,,,csv_metrics_model_incomplete,no,yes,no,no_if_weights_available_else_yes,Do not prioritize unless IdioLink transfer becomes a main comparison.,zero_shot_MRR=0.2212; delta=; source column=idiolink_ft_MRR@10,finetuning/ft_10_idiolink_transfer/option_a_zero_shot/results/option_a_results.csv
Linq-Embed-Mistral,Linq-AI-Research/Linq-Embed-Mistral,ft_10_option_a,option_a_results__Linq-Embed-Mistral__gemma4-E4B/thinking_direct_moral/fable+summary,completed,IdioLink,440,IdioLink_triplets,fable_summary,gemma4-E4B/thinking_direct_moral/fable+summary,gemma4-E4B,thinking_direct_moral,none_external_transfer,10,4,8,2e-05,,512,64,128,0.05,,,model_default_or_prefix,,709,,,,,csv_metrics_model_incomplete,no,yes,no,no_if_weights_available_else_yes,Do not prioritize unless IdioLink transfer becomes a main comparison.,zero_shot_MRR=0.2502; delta=; source column=idiolink_ft_MRR@10,finetuning/ft_10_idiolink_transfer/option_a_zero_shot/results/option_a_results.csv
Linq-Embed-Mistral,Linq-AI-Research/Linq-Embed-Mistral,ft_10_option_a,option_a_original_results__Linq-Embed-Mistral__raw,completed,IdioLink,440,IdioLink_triplets,raw,raw,,-,none_external_transfer,10,4,8,2e-05,,512,64,128,0.05,,,model_default_or_prefix,,709,0.209300,0.124100,0.276400,,csv_metrics_model_incomplete,no,yes,no,no_if_weights_available_else_yes,Do not prioritize unless IdioLink transfer becomes a main comparison.,zero_shot_MRR=0.2107; delta=-0.0014; source column=original_ft_MRR@10,finetuning/ft_10_idiolink_transfer/option_a_zero_shot/results/option_a_original_results.csv
Linq-Embed-Mistral,Linq-AI-Research/Linq-Embed-Mistral,ft_10_option_a,option_a_results__Linq-Embed-Mistral__raw,completed,IdioLink,440,IdioLink_triplets,raw,raw,,-,none_external_transfer,10,4,8,2e-05,,512,64,128,0.05,,,model_default_or_prefix,,709,0.215900,0.132600,0.292000,,csv_metrics_model_incomplete,no,yes,no,no_if_weights_available_else_yes,Do not prioritize unless IdioLink transfer becomes a main comparison.,zero_shot_MRR=0.2107; delta=+0.0052; source column=idiolink_ft_MRR@10,finetuning/ft_10_idiolink_transfer/option_a_zero_shot/results/option_a_results.csv
Linq-Embed-Mistral,Linq-AI-Research/Linq-Embed-Mistral,ft_10_option_a,option_a_original_results__Linq-Embed-Mistral__gemini/cot_proverb/summary+fable,completed,IdioLink,440,IdioLink_triplets,summary+fable,gemini/cot_proverb/summary+fable,gemini,cot_proverb,none_external_transfer,10,4,8,2e-05,,512,64,128,0.05,,,model_default_or_prefix,,709,0.351700,0.238400,0.471100,,csv_metrics_model_incomplete,no,yes,no,no_if_weights_available_else_yes,Do not prioritize unless IdioLink transfer becomes a main comparison.,zero_shot_MRR=0.3499; delta=+0.0018; source column=original_ft_MRR@10,finetuning/ft_10_idiolink_transfer/option_a_zero_shot/results/option_a_original_results.csv
Linq-Embed-Mistral,Linq-AI-Research/Linq-Embed-Mistral,ft_10_option_a,option_a_results__Linq-Embed-Mistral__gemini/cot_proverb/summary+fable,completed,IdioLink,440,IdioLink_triplets,summary+fable,gemini/cot_proverb/summary+fable,gemini,cot_proverb,none_external_transfer,10,4,8,2e-05,,512,64,128,0.05,,,model_default_or_prefix,,709,0.363800,0.260900,0.468300,,csv_metrics_model_incomplete,no,yes,no,no_if_weights_available_else_yes,Do not prioritize unless IdioLink transfer becomes a main comparison.,zero_shot_MRR=0.3499; delta=+0.0139; source column=idiolink_ft_MRR@10,finetuning/ft_10_idiolink_transfer/option_a_zero_shot/results/option_a_results.csv
Linq-Embed-Mistral,Linq-AI-Research/Linq-Embed-Mistral,ft_10_option_a,option_a_original_results__Linq-Embed-Mistral__gemini/cot_proverb/summary_only,completed,IdioLink,440,IdioLink_triplets,summary_only,gemini/cot_proverb/summary_only,gemini,cot_proverb,none_external_transfer,10,4,8,2e-05,,512,64,128,0.05,,,model_default_or_prefix,,709,0.305600,0.210200,0.410400,,csv_metrics_model_incomplete,no,yes,no,no_if_weights_available_else_yes,Do not prioritize unless IdioLink transfer becomes a main comparison.,zero_shot_MRR=0.3031; delta=+0.0025; source column=original_ft_MRR@10,finetuning/ft_10_idiolink_transfer/option_a_zero_shot/results/option_a_original_results.csv
Linq-Embed-Mistral,Linq-AI-Research/Linq-Embed-Mistral,ft_10_option_a,option_a_original_results__Linq-Embed-Mistral__gemma4-31B/conceptual_abstract/summary_only,completed,IdioLink,440,IdioLink_triplets,summary_only,gemma4-31B/conceptual_abstract/summary_only,gemma4-31B,conceptual_abstract,none_external_transfer,10,4,8,2e-05,,512,64,128,0.05,,,model_default_or_prefix,,709,,,,,csv_metrics_model_incomplete,no,yes,no,no_if_weights_available_else_yes,Do not prioritize unless IdioLink transfer becomes a main comparison.,zero_shot_MRR=0.2619; delta=; source column=original_ft_MRR@10,finetuning/ft_10_idiolink_transfer/option_a_zero_shot/results/option_a_original_results.csv
Linq-Embed-Mistral,Linq-AI-Research/Linq-Embed-Mistral,ft_10_option_a,option_a_original_results__Linq-Embed-Mistral__gemma4-E2B/direct_moral/summary_only,completed,IdioLink,440,IdioLink_triplets,summary_only,gemma4-E2B/direct_moral/summary_only,gemma4-E2B,direct_moral,none_external_transfer,10,4,8,2e-05,,512,64,128,0.05,,,model_default_or_prefix,,709,,,,,csv_metrics_model_incomplete,no,yes,no,no_if_weights_available_else_yes,Do not prioritize unless IdioLink transfer becomes a main comparison.,zero_shot_MRR=0.1411; delta=; source column=original_ft_MRR@10,finetuning/ft_10_idiolink_transfer/option_a_zero_shot/results/option_a_original_results.csv
Linq-Embed-Mistral,Linq-AI-Research/Linq-Embed-Mistral,ft_10_option_a,option_a_original_results__Linq-Embed-Mistral__gemma4-E4B/thinking_direct_moral/summary_only,completed,IdioLink,440,IdioLink_triplets,summary_only,gemma4-E4B/thinking_direct_moral/summary_only,gemma4-E4B,thinking_direct_moral,none_external_transfer,10,4,8,2e-05,,512,64,128,0.05,,,model_default_or_prefix,,709,,,,,csv_metrics_model_incomplete,no,yes,no,no_if_weights_available_else_yes,Do not prioritize unless IdioLink transfer becomes a main comparison.,zero_shot_MRR=0.2306; delta=; source column=original_ft_MRR@10,finetuning/ft_10_idiolink_transfer/option_a_zero_shot/results/option_a_original_results.csv
Linq-Embed-Mistral,Linq-AI-Research/Linq-Embed-Mistral,ft_10_option_a,option_a_results__Linq-Embed-Mistral__gemini/cot_proverb/summary_only,completed,IdioLink,440,IdioLink_triplets,summary_only,gemini/cot_proverb/summary_only,gemini,cot_proverb,none_external_transfer,10,4,8,2e-05,,512,64,128,0.05,,,model_default_or_prefix,,709,0.294200,0.197500,0.394900,,csv_metrics_model_incomplete,no,yes,no,no_if_weights_available_else_yes,Do not prioritize unless IdioLink transfer becomes a main comparison.,zero_shot_MRR=0.3031; delta=-0.0089; source column=idiolink_ft_MRR@10,finetuning/ft_10_idiolink_transfer/option_a_zero_shot/results/option_a_results.csv
Linq-Embed-Mistral,Linq-AI-Research/Linq-Embed-Mistral,ft_10_option_a,option_a_results__Linq-Embed-Mistral__gemma4-31B/conceptual_abstract/summary_only,completed,IdioLink,440,IdioLink_triplets,summary_only,gemma4-31B/conceptual_abstract/summary_only,gemma4-31B,conceptual_abstract,none_external_transfer,10,4,8,2e-05,,512,64,128,0.05,,,model_default_or_prefix,,709,,,,,csv_metrics_model_incomplete,no,yes,no,no_if_weights_available_else_yes,Do not prioritize unless IdioLink transfer becomes a main comparison.,zero_shot_MRR=0.2619; delta=; source column=idiolink_ft_MRR@10,finetuning/ft_10_idiolink_transfer/option_a_zero_shot/results/option_a_results.csv
Linq-Embed-Mistral,Linq-AI-Research/Linq-Embed-Mistral,ft_10_option_a,option_a_results__Linq-Embed-Mistral__gemma4-E2B/direct_moral/summary_only,completed,IdioLink,440,IdioLink_triplets,summary_only,gemma4-E2B/direct_moral/summary_only,gemma4-E2B,direct_moral,none_external_transfer,10,4,8,2e-05,,512,64,128,0.05,,,model_default_or_prefix,,709,,,,,csv_metrics_model_incomplete,no,yes,no,no_if_weights_available_else_yes,Do not prioritize unless IdioLink transfer becomes a main comparison.,zero_shot_MRR=0.1411; delta=; source column=idiolink_ft_MRR@10,finetuning/ft_10_idiolink_transfer/option_a_zero_shot/results/option_a_results.csv
Linq-Embed-Mistral,Linq-AI-Research/Linq-Embed-Mistral,ft_10_option_a,option_a_results__Linq-Embed-Mistral__gemma4-E4B/thinking_direct_moral/summary_only,completed,IdioLink,440,IdioLink_triplets,summary_only,gemma4-E4B/thinking_direct_moral/summary_only,gemma4-E4B,thinking_direct_moral,none_external_transfer,10,4,8,2e-05,,512,64,128,0.05,,,model_default_or_prefix,,709,,,,,csv_metrics_model_incomplete,no,yes,no,no_if_weights_available_else_yes,Do not prioritize unless IdioLink transfer becomes a main comparison.,zero_shot_MRR=0.2306; delta=; source column=idiolink_ft_MRR@10,finetuning/ft_10_idiolink_transfer/option_a_zero_shot/results/option_a_results.csv
Linq-Embed-Mistral,Linq-AI-Research/Linq-Embed-Mistral,ft_10_option_b,option_b_sequential,planned_no_results_found,IdioLink then MORABLES,,,various,various,,,,,,,,,,,,,,,,,,,,,,planned_only,no,yes,yes_if_morables_supervised,yes,Not started; run only if selected.,README/scripts exist; no result files found.,finetuning/ft_10_idiolink_transfer/option_b_sequential/README.md
Linq-Embed-Mistral,Linq-AI-Research/Linq-Embed-Mistral,ft_10_option_c,option_c_mixing,planned_no_results_found,IdioLink+MORABLES mixed,,,various,various,,,,,,,,,,,,,,,,,,,,,,planned_only,no,yes,yes_if_morables_supervised,yes,Not started; run only if selected.,README/scripts exist; no result files found.,finetuning/ft_10_idiolink_transfer/option_c_mixing/README.md
Linq-Embed-Mistral,Linq-AI-Research/Linq-Embed-Mistral,ft_10_option_d,option_d_hard_neg,planned_no_results_found,IdioLink hard negatives,,,various,various,,,,,,,,,,,,,,,,,,,,,,planned_only,no,yes,yes_if_morables_supervised,yes,Not started; run only if selected.,README/scripts exist; no result files found.,finetuning/ft_10_idiolink_transfer/option_d_hard_neg/README.md
Linq-Embed-Mistral / Qwen3-Embedding-8B,Linq-AI-Research/Linq-Embed-Mistral / Qwen/Qwen3-Embedding-8B,synthetic_ft,synthetic_fables_ft,planned_not_done,Synthetic fables from clustered MORABLES morals,planned,synthetic_fables,raw/fable_plus_summary,raw/fable_plus_summary,,,,,,,,,,,,,,,,,,,,,,none,no,yes,no_external_synthetic,yes,Design after clustered data freeze.,Planned in exp14 plan; no completed synthetic-data fine-tuning result found.,docs/exp14_finetuning_plan.md
Qwen3-Embedding-8B,Qwen/Qwen3-Embedding-8B,ft_07,2026-04-29_13-04-37_qwen3_s1000__fable_plus_summary,completed,STORAL_s1000,1000,STORAL_stories,fable_plus_summary,fable_plus_summary,,,none_external_transfer,10,4,4,0.0001,0.05,512,64,128,0.05,,,general,"Instruct: Given a text, retrieve the most relevant passage that answers the query\nQuery: ",709,0.430220,0.311707,0.558533,0.661495,result_json_only,no,yes,no,no_if_weights_available,Prioritize Linq s500 and Qwen3 sfull/s500 for clustered external-transfer eval.,"length_range=[30, 300]; external STORAL transfer.",finetuning/ft_07_storal_transfer/results/2026-04-29_13-04-37_qwen3_s1000.json
Qwen3-Embedding-8B,Qwen/Qwen3-Embedding-8B,ft_07,2026-04-29_13-04-37_qwen3_s1000__raw,completed,STORAL_s1000,1000,STORAL_stories,raw,raw,,,none_external_transfer,10,4,4,0.0001,0.05,512,64,128,0.05,,,general,"Instruct: Given a text, retrieve the most relevant passage that answers the query\nQuery: ",709,0.329233,0.214386,0.458392,0.572638,result_json_only,no,yes,no,no_if_weights_available,Prioritize Linq s500 and Qwen3 sfull/s500 for clustered external-transfer eval.,"length_range=[30, 300]; external STORAL transfer.",finetuning/ft_07_storal_transfer/results/2026-04-29_13-04-37_qwen3_s1000.json
Qwen3-Embedding-8B,Qwen/Qwen3-Embedding-8B,ft_07,2026-04-29_12-28-46_qwen3_s500__fable_plus_summary,completed,STORAL_s500,500,STORAL_stories,fable_plus_summary,fable_plus_summary,,,none_external_transfer,10,4,4,0.0001,0.05,512,64,128,0.05,,,general,"Instruct: Given a text, retrieve the most relevant passage that answers the query\nQuery: ",709,0.425404,0.308886,0.559944,0.648801,result_json_only,no,yes,no,no_if_weights_available,Prioritize Linq s500 and Qwen3 sfull/s500 for clustered external-transfer eval.,"length_range=[56, 195]; external STORAL transfer.",finetuning/ft_07_storal_transfer/results/2026-04-29_12-28-46_qwen3_s500.json
Qwen3-Embedding-8B,Qwen/Qwen3-Embedding-8B,ft_07,2026-04-29_12-28-46_qwen3_s500__raw,completed,STORAL_s500,500,STORAL_stories,raw,raw,,,none_external_transfer,10,4,4,0.0001,0.05,512,64,128,0.05,,,general,"Instruct: Given a text, retrieve the most relevant passage that answers the query\nQuery: ",709,0.314263,0.205924,0.424542,0.545839,result_json_only,no,yes,no,no_if_weights_available,Prioritize Linq s500 and Qwen3 sfull/s500 for clustered external-transfer eval.,"length_range=[56, 195]; external STORAL transfer.",finetuning/ft_07_storal_transfer/results/2026-04-29_12-28-46_qwen3_s500.json
Qwen3-Embedding-8B,Qwen/Qwen3-Embedding-8B,ft_07,2026-04-29_14-05-26_qwen3_sfull__fable_plus_summary,completed,STORAL_sfull,1675,STORAL_stories,fable_plus_summary,fable_plus_summary,,,none_external_transfer,10,4,4,0.0001,0.05,512,64,128,0.05,,,general,"Instruct: Given a text, retrieve the most relevant passage that answers the query\nQuery: ",709,0.435099,0.315938,0.562764,0.688293,result_json_only,no,yes,no,no_if_weights_available,Prioritize Linq s500 and Qwen3 sfull/s500 for clustered external-transfer eval.,length_range=None; external STORAL transfer.,finetuning/ft_07_storal_transfer/results/2026-04-29_14-05-26_qwen3_sfull.json
Qwen3-Embedding-8B,Qwen/Qwen3-Embedding-8B,ft_07,2026-04-29_14-05-26_qwen3_sfull__raw,completed,STORAL_sfull,1675,STORAL_stories,raw,raw,,,none_external_transfer,10,4,4,0.0001,0.05,512,64,128,0.05,,,general,"Instruct: Given a text, retrieve the most relevant passage that answers the query\nQuery: ",709,0.318032,0.204513,0.437236,0.545839,result_json_only,no,yes,no,no_if_weights_available,Prioritize Linq s500 and Qwen3 sfull/s500 for clustered external-transfer eval.,length_range=None; external STORAL transfer.,finetuning/ft_07_storal_transfer/results/2026-04-29_14-05-26_qwen3_sfull.json
